projeto,team_size_testado,metodo,modo,seed,status,AT,AC,AE,fitness_final,AE_raw_surrogate,tempo_s,must_dom_ok,must_eco_ok,must_ling_ok,all_must_ok,dom_score,eco_score,ling_score,pc_score,pc_label,best_generation,gens_executed,stop_reason,population_size,generations,elitism_count,mutation_rate,crossover_rate,stable_gens,crossover_operator
P1,4,GA_CALIBRADO_CCC,AE_FULL_SURROGATE,1,OK,0.9126985,0.8,0.8187830833333334,0.8187830833333334,0.8187830833333334,4.21486,True,True,True,True,0.857143,1.0,0.9285715,0.8,VH,40,60,stable_gens_no_improve,150,200,3,0.005,1.0,20,ccc
P1,4,GA_CALIBRADO_CCC,AE_FULL_SURROGATE,2,OK,0.9365079999999999,0.7333333333333333,0.7671957777777777,0.7671957777777777,0.7671957777777777,5.270549,True,True,True,True,0.857143,0.857143,1.0,0.7333333333333333,H,21,41,stable_gens_no_improve,150,200,3,0.005,1.0,20,ccc
P1,4,GA_CALIBRADO_CCC,AE_FULL_SURROGATE,3,OK,0.7857144444444444,0.8666666666666667,0.7992064814814815,0.7992064814814815,0.7992064814814815,5.194503,True,True,True,True,0.6428575,0.5,0.9285715,0.8666666666666668,VH,37,57,stable_gens_no_improve,150,200,3,0.005,1.0,20,ccc
P1,4,GA_CALIBRADO_CCC,AE_FULL_SURROGATE,4,OK,0.7857144444444444,0.7999999999999999,0.7880953703703703,0.7880953703703703,0.7880953703703703,4.600956,True,True,True,True,0.6428575,0.5,0.9285715,0.8333333333333333,VH,56,76,stable_gens_no_improve,150,200,3,0.005,1.0,20,ccc
P1,4,GA_CALIBRADO_CCC,AE_FULL_SURROGATE,5,OK,0.9126985,0.8,0.8187830833333334,0.8187830833333334,0.8187830833333334,3.071847,True,True,True,True,0.857143,1.0,0.9285715,0.8,VH,27,47,stable_gens_no_improve,150,200,3,0.005,1.0,20,ccc
P1,4,GA_CALIBRADO_CCC,AE_FULL_SURROGATE,6,OK,0.9365079999999999,0.7333333333333333,0.7671957777777777,0.7671957777777777,0.7671957777777777,3.740206,True,True,True,True,0.857143,0.857143,1.0,0.7333333333333333,H,31,51,stable_gens_no_improve,150,200,3,0.005,1.0,20,ccc
P1,4,GA_CALIBRADO_CCC,AE_FULL_SURROGATE,7,OK,0.9285714999999999,0.7666666666666666,0.7936508055555554,0.7936508055555554,0.7936508055555554,6.303121,True,True,True,True,0.7857145,1.0,1.0,0.8,VH,49,69,stable_gens_no_improve,150,200,3,0.005,1.0,20,ccc
P1,4,GA_CALIBRADO_CCC,AE_FULL_SURROGATE,8,OK,0.952381,0.7,0.7420635,0.7420635,0.7420635,9.004037,True,True,True,True,0.857143,1.0,1.0,0.6333333333333333,H,24,44,stable_gens_no_improve,150,200,3,0.005,1.0,20,ccc
P1,4,GA_CALIBRADO_CCC,AE_FULL_SURROGATE,9,OK,0.7857144444444444,0.8666666666666667,0.7992064814814815,0.7992064814814815,0.7992064814814815,4.149822,True,True,True,True,0.6428575,0.5,0.9285715,0.8666666666666668,VH,41,61,stable_gens_no_improve,150,200,3,0.005,1.0,20,ccc
P1,4,GA_CALIBRADO_CCC,AE_FULL_SURROGATE,10,OK,0.825397,0.6,0.6375661666666667,0.6375661666666667,0.6375661666666667,2.037875,True,True,True,True,0.6428575,0.857143,0.9285715,0.5333333333333335,M,12,32,stable_gens_no_improve,150,200,3,0.005,1.0,20,ccc
P1,4,GA_CALIBRADO_CCC,AE_FULL_SURROGATE,11,OK,0.9126985,0.8,0.8187830833333334,0.8187830833333334,0.8187830833333334,4.600802,True,True,True,True,0.857143,1.0,0.9285715,0.8,VH,54,74,stable_gens_no_improve,150,200,3,0.005,1.0,20,ccc
P1,4,GA_CALIBRADO_CCC,AE_FULL_SURROGATE,12,OK,0.9126985,0.8,0.8187830833333334,0.8187830833333334,0.8187830833333334,3.508541,True,True,True,True,0.857143,1.0,0.9285715,0.8,VH,37,57,stable_gens_no_improve,150,200,3,0.005,1.0,20,ccc
P1,4,GA_CALIBRADO_CCC,AE_FULL_SURROGATE,13,OK,0.8968255,0.6666666666666666,0.7050264722222223,0.7050264722222223,0.7050264722222223,2.599234,True,True,True,True,0.857143,0.857143,0.9285715,0.7666666666666666,H,20,40,stable_gens_no_improve,150,200,3,0.005,1.0,20,ccc
P1,4,GA_CALIBRADO_CCC,AE_FULL_SURROGATE,14,OK,0.9126985,0.8,0.8187830833333334,0.8187830833333334,0.8187830833333334,2.98959,True,True,True,True,0.857143,1.0,0.9285715,0.8,VH,26,46,stable_gens_no_improve,150,200,3,0.005,1.0,20,ccc
P1,4,GA_CALIBRADO_CCC,AE_FULL_SURROGATE,15,OK,0.9126985,0.8,0.8187830833333334,0.8187830833333334,0.8187830833333334,4.922119,True,True,True,True,0.857143,1.0,0.9285715,0.8,VH,53,73,stable_gens_no_improve,150,200,3,0.005,1.0,20,ccc
P1,4,GA_CALIBRADO_CCC,AE_FULL_SURROGATE,16,OK,0.7857144444444444,0.9,0.8047620370370371,0.8047620370370371,0.8047620370370371,7.635652,True,True,True,True,0.6428575,0.5,0.9285715,0.9,VH,67,87,stable_gens_no_improve,150,200,3,0.005,1.0,20,ccc
P1,4,GA_CALIBRADO_CCC,AE_FULL_SURROGATE,17,OK,0.8253969444444444,0.7,0.7208994907407407,0.7208994907407407,0.7208994907407407,12.00047,True,True,True,True,0.6428575,0.5,1.0,0.8,VH,39,59,stable_gens_no_improve,150,200,3,0.005,1.0,20,ccc
P1,4,GA_CALIBRADO_CCC,AE_FULL_SURROGATE,18,OK,0.9126985,0.7,0.73544975,0.73544975,0.73544975,11.834541,True,True,True,True,0.857143,1.0,0.9285715,0.7000000000000001,H,39,59,stable_gens_no_improve,150,200,3,0.005,1.0,20,ccc
P1,4,GA_CALIBRADO_CCC,AE_FULL_SURROGATE,19,OK,0.9126985,0.7,0.73544975,0.73544975,0.73544975,10.965748,True,True,True,True,0.857143,1.0,0.9285715,0.7000000000000001,H,32,52,stable_gens_no_improve,150,200,3,0.005,1.0,20,ccc
P1,4,GA_CALIBRADO_CCC,AE_FULL_SURROGATE,20,OK,0.9126985,0.8,0.8187830833333334,0.8187830833333334,0.8187830833333334,10.148302,True,True,True,True,0.857143,1.0,0.9285715,0.8,VH,34,54,stable_gens_no_improve,150,200,3,0.005,1.0,20,ccc
P1,4,GA_CALIBRADO_CCC,AE_FULL_SURROGATE,21,OK,0.7857144444444444,0.8666666666666667,0.7992064814814815,0.7992064814814815,0.7992064814814815,13.611728,True,True,True,True,0.6428575,0.5,0.9285715,0.8666666666666668,VH,53,73,stable_gens_no_improve,150,200,3,0.005,1.0,20,ccc
P1,4,GA_CALIBRADO_CCC,AE_FULL_SURROGATE,22,OK,0.7857144444444444,0.8666666666666667,0.7992064814814815,0.7992064814814815,0.7992064814814815,10.95797,True,True,True,True,0.6428575,0.5,0.9285715,0.8666666666666668,VH,35,55,stable_gens_no_improve,150,200,3,0.005,1.0,20,ccc
P1,4,GA_CALIBRADO_CCC,AE_FULL_SURROGATE,23,OK,0.7857144444444444,0.8666666666666667,0.7992064814814815,0.7992064814814815,0.7992064814814815,11.586679,True,True,True,True,0.6428575,0.5,0.9285715,0.8666666666666668,VH,41,61,stable_gens_no_improve,150,200,3,0.005,1.0,20,ccc
P1,4,GA_CALIBRADO_CCC,AE_FULL_SURROGATE,24,OK,0.7857144444444444,0.8333333333333334,0.7936509259259258,0.7936509259259258,0.7936509259259258,7.611838,True,True,True,True,0.6428575,0.5,0.9285715,0.8666666666666668,VH,19,39,stable_gens_no_improve,150,200,3,0.005,1.0,20,ccc
P1,4,GA_CALIBRADO_CCC,AE_FULL_SURROGATE,25,OK,0.84127,0.6666666666666666,0.6957672222222221,0.6957672222222221,0.6957672222222221,8.247511,True,True,True,True,0.6428575,1.0,0.9285715,0.6666666666666666,H,22,42,stable_gens_no_improve,150,200,3,0.005,1.0,20,ccc
P1,4,GA_CALIBRADO_CCC,AE_FULL_SURROGATE,26,OK,0.9126985,0.8,0.8187830833333334,0.8187830833333334,0.8187830833333334,8.343775,True,True,True,True,0.857143,1.0,0.9285715,0.8,VH,21,41,stable_gens_no_improve,150,200,3,0.005,1.0,20,ccc
P1,4,GA_CALIBRADO_CCC,AE_FULL_SURROGATE,27,OK,0.7857144444444444,0.9,0.8047620370370371,0.8047620370370371,0.8047620370370371,6.785001,True,True,True,True,0.6428575,0.5,0.9285715,0.9,VH,16,36,stable_gens_no_improve,150,200,3,0.005,1.0,20,ccc
P1,4,GA_CALIBRADO_CCC,AE_FULL_SURROGATE,28,OK,0.9285714999999999,0.7666666666666666,0.7936508055555554,0.7936508055555554,0.7936508055555554,5.326737,True,True,True,True,0.7857145,1.0,1.0,0.8,VH,7,27,stable_gens_no_improve,150,200,3,0.005,1.0,20,ccc
P1,4,GA_CALIBRADO_CCC,AE_FULL_SURROGATE,29,OK,0.7857144444444444,0.7333333333333333,0.7420635185185184,0.7420635185185184,0.7420635185185184,13.157287,True,True,True,True,0.6428575,0.5,0.9285715,0.7666666666666666,H,55,75,stable_gens_no_improve,150,200,3,0.005,1.0,20,ccc
P1,4,GA_CALIBRADO_CCC,AE_FULL_SURROGATE,30,OK,0.9126985,0.8,0.8187830833333334,0.8187830833333334,0.8187830833333334,11.713031,True,True,True,True,0.857143,1.0,0.9285715,0.8,VH,43,63,stable_gens_no_improve,150,200,3,0.005,1.0,20,ccc
P2,4,GA_CALIBRADO_CCC,AE_FULL_SURROGATE,1,OK,0.7380955,0.6333333333333333,0.6507936944444445,0.6507936944444445,0.6507936944444445,6.64312,True,True,True,True,0.857143,0.857143,0.6428575,0.6,M,14,34,stable_gens_no_improve,150,200,3,0.005,1.0,20,ccc
P2,4,GA_CALIBRADO_CCC,AE_FULL_SURROGATE,2,OK,0.952381,0.6666666666666666,0.7142857222222222,0.7142857222222222,0.7142857222222222,8.527897,True,True,True,True,0.857143,1.0,1.0,0.6666666666666666,H,27,47,stable_gens_no_improve,150,200,3,0.005,1.0,20,ccc
P2,4,GA_CALIBRADO_CCC,AE_FULL_SURROGATE,3,OK,0.8333335,0.9,0.8444445833333334,0.8444445833333334,0.8444445833333334,14.712207,True,True,True,True,0.857143,0.6428575,0.857143,0.9,VH,58,78,stable_gens_no_improve,150,200,3,0.005,1.0,20,ccc
P2,4,GA_CALIBRADO_CCC,AE_FULL_SURROGATE,4,OK,0.7380955,0.5666666666666667,0.5952381388888889,0.5952381388888889,0.5952381388888889,6.558477,True,True,True,True,0.857143,0.857143,0.6428575,0.4666666666666667,M,14,34,stable_gens_no_improve,150,200,3,0.005,1.0,20,ccc
P2,4,GA_CALIBRADO_CCC,AE_FULL_SURROGATE,5,OK,0.7380955,0.6333333333333333,0.6507936944444445,0.6507936944444445,0.6507936944444445,9.129283,True,True,True,True,0.857143,0.857143,0.6428575,0.7333333333333336,H,31,51,stable_gens_no_improve,150,200,3,0.005,1.0,20,ccc
P2,4,GA_CALIBRADO_CCC,AE_FULL_SURROGATE,6,OK,0.8273810555555555,0.7333333333333334,0.7490079537037038,0.7490079537037038,0.7490079537037038,10.363591,True,True,True,True,0.857143,0.857143,0.8035715,0.7333333333333334,H,35,55,stable_gens_no_improve,150,200,3,0.005,1.0,20,ccc
P2,4,GA_CALIBRADO_CCC,AE_FULL_SURROGATE,7,OK,0.6190479999999999,0.6666666666666666,0.6269844444444443,0.6269844444444443,0.6269844444444443,10.095395,True,True,True,True,0.857143,0.857143,0.428572,0.7000000000000001,H,35,55,stable_gens_no_improve,150,200,3,0.005,1.0,20,ccc
P2,4,GA_CALIBRADO_CCC,AE_FULL_SURROGATE,8,OK,0.8174605,0.8333333333333333,0.8201059722222221,0.8201059722222221,0.8201059722222221,12.076268,True,True,True,True,0.857143,0.857143,0.7857145,0.8333333333333333,VH,45,65,stable_gens_no_improve,150,200,3,0.005,1.0,20,ccc
P2,4,GA_CALIBRADO_CCC,AE_FULL_SURROGATE,9,OK,0.7380955,0.6333333333333333,0.6507936944444445,0.6507936944444445,0.6507936944444445,4.128315,True,True,True,True,0.857143,0.857143,0.6428575,0.7333333333333336,H,40,60,stable_gens_no_improve,150,200,3,0.005,1.0,20,ccc
P2,4,GA_CALIBRADO_CCC,AE_FULL_SURROGATE,10,OK,0.8333335,0.9,0.8444445833333334,0.8444445833333334,0.8444445833333334,4.016351,True,True,True,True,0.857143,0.6428575,0.857143,0.9,VH,47,67,stable_gens_no_improve,150,200,3,0.005,1.0,20,ccc
P2,4,GA_CALIBRADO_CCC,AE_FULL_SURROGATE,11,OK,0.6190479999999999,0.6333333333333333,0.6214288888888888,0.6214288888888888,0.6214288888888888,2.919474,True,True,True,True,0.857143,0.857143,0.428572,0.6,M,28,48,stable_gens_no_improve,150,200,3,0.005,1.0,20,ccc
P2,4,GA_CALIBRADO_CCC,AE_FULL_SURROGATE,12,OK,0.7380955,0.7333333333333334,0.7341270277777778,0.7341270277777778,0.7341270277777778,4.22845,True,True,True,True,0.857143,0.857143,0.6428575,0.7333333333333334,H,47,67,stable_gens_no_improve,150,200,3,0.005,1.0,20,ccc
P2,4,GA_CALIBRADO_CCC,AE_FULL_SURROGATE,13,OK,0.793651,0.7333333333333333,0.7433862777777778,0.7433862777777778,0.7433862777777778,4.103962,True,True,True,True,0.857143,1.0,0.714286,0.7666666666666666,H,46,66,stable_gens_no_improve,150,200,3,0.005,1.0,20,ccc
P2,4,GA_CALIBRADO_CCC,AE_FULL_SURROGATE,14,OK,0.857143,0.7333333333333334,0.7539682777777778,0.7539682777777778,0.7539682777777778,6.194358,True,True,True,True,0.857143,0.857143,0.857143,0.7333333333333334,H,84,104,stable_gens_no_improve,150,200,3,0.005,1.0,20,ccc
P2,4,GA_CALIBRADO_CCC,AE_FULL_SURROGATE,15,OK,0.8333335,0.7,0.7222222500000001,0.7222222500000001,0.7222222500000001,5.594987,True,True,True,True,0.857143,1.0,0.7857145,0.7666666666666666,H,43,63,stable_gens_no_improve,150,200,3,0.005,1.0,20,ccc
P2,4,GA_CALIBRADO_CCC,AE_FULL_SURROGATE,16,OK,0.7380955,0.6666666666666666,0.6785714722222221,0.6785714722222221,0.6785714722222221,6.56009,True,True,True,True,0.857143,0.857143,0.6428575,0.7000000000000001,H,35,55,stable_gens_no_improve,150,200,3,0.005,1.0,20,ccc
P2,4,GA_CALIBRADO_CCC,AE_FULL_SURROGATE,17,OK,0.7380955,0.8333333333333334,0.7539684722222222,0.7539684722222222,0.7539684722222222,5.361771,True,True,True,True,0.857143,0.857143,0.6428575,0.8666666666666668,VH,65,85,stable_gens_no_improve,150,200,3,0.005,1.0,20,ccc
P2,4,GA_CALIBRADO_CCC,AE_FULL_SURROGATE,18,OK,0.8273810555555555,0.6333333333333333,0.6656746203703704,0.6656746203703704,0.6656746203703704,2.45142,True,True,True,True,0.857143,0.857143,0.8035715,0.7000000000000001,H,17,37,stable_gens_no_improve,150,200,3,0.005,1.0,20,ccc
P2,4,GA_CALIBRADO_CCC,AE_FULL_SURROGATE,19,OK,0.857143,0.7,0.7261905,0.7261905,0.7261905,4.427832,True,True,True,True,0.857143,0.857143,0.857143,0.7333333333333336,H,46,66,stable_gens_no_improve,150,200,3,0.005,1.0,20,ccc
P2,4,GA_CALIBRADO_CCC,AE_FULL_SURROGATE,20,OK,0.7380955,0.7,0.70634925,0.70634925,0.70634925,3.526262,True,True,True,True,0.857143,0.857143,0.6428575,0.7000000000000001,H,33,53,stable_gens_no_improve,150,200,3,0.005,1.0,20,ccc
P2,4,GA_CALIBRADO_CCC,AE_FULL_SURROGATE,21,OK,0.857143,0.7333333333333334,0.7539682777777778,0.7539682777777778,0.7539682777777778,2.91951,True,True,True,True,0.857143,0.857143,0.857143,0.7333333333333334,H,27,47,stable_gens_no_improve,150,200,3,0.005,1.0,20,ccc
P2,4,GA_CALIBRADO_CCC,AE_FULL_SURROGATE,22,OK,0.6587305,0.7333333333333334,0.6711643055555555,0.6711643055555555,0.6711643055555555,3.083659,True,True,True,True,0.857143,0.857143,0.5000005000000001,0.7000000000000001,H,29,49,stable_gens_no_improve,150,200,3,0.005,1.0,20,ccc
P2,4,GA_CALIBRADO_CCC,AE_FULL_SURROGATE,23,OK,0.857143,0.7333333333333334,0.7539682777777778,0.7539682777777778,0.7539682777777778,3.213451,True,True,True,True,0.857143,0.857143,0.857143,0.7333333333333334,H,33,53,stable_gens_no_improve,150,200,3,0.005,1.0,20,ccc
P2,4,GA_CALIBRADO_CCC,AE_FULL_SURROGATE,24,OK,0.8333335,0.9,0.8444445833333334,0.8444445833333334,0.8444445833333334,2.287755,True,True,True,True,0.857143,0.6428575,0.857143,0.9,VH,16,36,stable_gens_no_improve,150,200,3,0.005,1.0,20,ccc
P2,4,GA_CALIBRADO_CCC,AE_FULL_SURROGATE,25,OK,0.857143,0.7333333333333334,0.7539682777777778,0.7539682777777778,0.7539682777777778,2.682217,True,True,True,True,0.857143,0.857143,0.857143,0.7333333333333334,H,24,44,stable_gens_no_improve,150,200,3,0.005,1.0,20,ccc
P2,4,GA_CALIBRADO_CCC,AE_FULL_SURROGATE,26,OK,0.7242065555555555,0.7666666666666666,0.7312832407407406,0.7312832407407406,0.7312832407407406,2.224153,True,True,True,True,0.857143,1.0,0.589286,0.8,VH,16,36,stable_gens_no_improve,150,200,3,0.005,1.0,20,ccc
P2,4,GA_CALIBRADO_CCC,AE_FULL_SURROGATE,27,OK,0.7380955,0.6333333333333333,0.6507936944444445,0.6507936944444445,0.6507936944444445,2.522751,True,True,True,True,0.857143,0.857143,0.6428575,0.6,M,20,40,stable_gens_no_improve,150,200,3,0.005,1.0,20,ccc
P2,4,GA_CALIBRADO_CCC,AE_FULL_SURROGATE,28,OK,0.8333335,0.7333333333333333,0.7500000277777777,0.7500000277777777,0.7500000277777777,3.893477,True,True,True,True,0.857143,1.0,0.7857145,0.7666666666666666,H,45,65,stable_gens_no_improve,150,200,3,0.005,1.0,20,ccc
P2,4,GA_CALIBRADO_CCC,AE_FULL_SURROGATE,29,OK,0.857143,0.7333333333333334,0.7539682777777778,0.7539682777777778,0.7539682777777778,4.75101,True,True,True,True,0.857143,0.857143,0.857143,0.7333333333333334,H,57,77,stable_gens_no_improve,150,200,3,0.005,1.0,20,ccc
P2,4,GA_CALIBRADO_CCC,AE_FULL_SURROGATE,30,OK,0.7083335555555555,0.7333333333333334,0.7125001851851852,0.7125001851851852,0.7125001851851852,3.19888,True,True,True,True,0.857143,0.857143,0.589286,0.7333333333333334,H,33,53,stable_gens_no_improve,150,200,3,0.005,1.0,20,ccc
P3,4,GA_CALIBRADO_CCC,AE_FULL_SURROGATE,1,OK,0.89418,0.6333333333333333,0.6768077777777778,0.6768077777777778,0.6768077777777778,2.995563,True,True,True,True,0.857143,0.47619100000000003,1.0,0.7333333333333336,H,34,54,stable_gens_no_improve,150,200,3,0.005,1.0,20,ccc
P3,4,GA_CALIBRADO_CCC,AE_FULL_SURROGATE,2,OK,0.677249,0.5666666666666667,0.5850970555555555,0.5850970555555555,0.5850970555555555,2.248192,True,True,True,True,0.6428575,0.952381,0.6428575,0.5666666666666667,M,19,39,stable_gens_no_improve,150,200,3,0.005,1.0,20,ccc
P3,4,GA_CALIBRADO_CCC,AE_FULL_SURROGATE,3,OK,0.8650795,0.7666666666666666,0.7830688055555556,0.7830688055555556,0.7830688055555556,2.465688,True,True,True,True,0.6428575,0.857143,1.0,0.8,VH,21,41,stable_gens_no_improve,150,200,3,0.005,1.0,20,ccc
P3,4,GA_CALIBRADO_CCC,AE_FULL_SURROGATE,4,OK,0.809524,0.8333333333333333,0.8134922222222222,0.8134922222222222,0.8134922222222222,2.785913,True,True,True,True,0.857143,0.428572,0.857143,0.8333333333333333,VH,28,48,stable_gens_no_improve,150,200,3,0.005,1.0,20,ccc
P3,4,GA_CALIBRADO_CCC,AE_FULL_SURROGATE,5,OK,0.9365079999999999,0.7,0.739418,0.739418,0.739418,2.143656,True,True,True,True,0.857143,0.857143,1.0,0.7666666666666666,H,16,36,stable_gens_no_improve,150,200,3,0.005,1.0,20,ccc
P3,4,GA_CALIBRADO_CCC,AE_FULL_SURROGATE,6,OK,0.7433865,0.5333333333333333,0.5683421944444444,0.5683421944444444,0.5683421944444444,2.024489,True,True,True,True,0.6428575,0.47619100000000003,0.857143,0.4666666666666667,M,16,36,stable_gens_no_improve,150,200,3,0.005,1.0,20,ccc
P3,4,GA_CALIBRADO_CCC,AE_FULL_SURROGATE,7,OK,0.746032,0.7,0.707672,0.707672,0.707672,2.695624,True,True,True,True,0.6428575,0.857143,0.7857145,0.7666666666666666,H,28,48,stable_gens_no_improve,150,200,3,0.005,1.0,20,ccc
P3,4,GA_CALIBRADO_CCC,AE_FULL_SURROGATE,8,OK,0.8227515,0.7,0.7204585833333333,0.7204585833333333,0.7204585833333333,3.149479,True,True,True,True,0.857143,0.9047620000000001,0.7857145,0.6333333333333333,H,36,56,stable_gens_no_improve,150,200,3,0.005,1.0,20,ccc
P3,4,GA_CALIBRADO_CCC,AE_FULL_SURROGATE,9,OK,0.8650795,0.8,0.8108465833333334,0.8108465833333334,0.8108465833333334,2.854336,True,True,True,True,0.6428575,0.857143,1.0,0.8,VH,31,51,stable_gens_no_improve,150,200,3,0.005,1.0,20,ccc
P3,4,GA_CALIBRADO_CCC,AE_FULL_SURROGATE,10,OK,0.857143,0.7666666666666666,0.7817460555555554,0.7817460555555554,0.7817460555555554,4.197423,True,True,True,True,0.857143,0.857143,0.857143,0.8,VH,63,83,stable_gens_no_improve,150,200,3,0.005,1.0,20,ccc
P3,4,GA_CALIBRADO_CCC,AE_FULL_SURROGATE,11,OK,0.8174605,0.7666666666666666,0.7751323055555556,0.7751323055555556,0.7751323055555556,2.949121,True,True,True,True,0.6428575,0.428572,1.0,0.8,VH,32,52,stable_gens_no_improve,150,200,3,0.005,1.0,20,ccc
P3,4,GA_CALIBRADO_CCC,AE_FULL_SURROGATE,12,OK,0.820106,0.7333333333333334,0.7477954444444445,0.7477954444444445,0.7477954444444445,3.621217,True,True,True,True,0.857143,0.5238100000000001,0.857143,0.8,VH,45,65,stable_gens_no_improve,150,200,3,0.005,1.0,20,ccc
P3,4,GA_CALIBRADO_CCC,AE_FULL_SURROGATE,13,OK,0.8650795,0.7666666666666666,0.7830688055555556,0.7830688055555556,0.7830688055555556,3.190066,True,True,True,True,0.6428575,0.857143,1.0,0.7666666666666666,H,37,57,stable_gens_no_improve,150,200,3,0.005,1.0,20,ccc
P3,4,GA_CALIBRADO_CCC,AE_FULL_SURROGATE,14,OK,0.857143,0.7666666666666666,0.7817460555555554,0.7817460555555554,0.7817460555555554,2.804492,True,True,True,True,0.857143,0.857143,0.857143,0.8,VH,27,47,stable_gens_no_improve,150,200,3,0.005,1.0,20,ccc
P3,4,GA_CALIBRADO_CCC,AE_FULL_SURROGATE,15,OK,0.8174605,0.7666666666666666,0.7751323055555556,0.7751323055555556,0.7751323055555556,3.547842,True,True,True,True,0.6428575,0.428572,1.0,0.8,VH,44,64,stable_gens_no_improve,150,200,3,0.005,1.0,20,ccc
P3,4,GA_CALIBRADO_CCC,AE_FULL_SURROGATE,16,OK,0.8650795,0.8,0.8108465833333334,0.8108465833333334,0.8108465833333334,2.727701,True,True,True,True,0.6428575,0.857143,1.0,0.8,VH,27,47,stable_gens_no_improve,150,200,3,0.005,1.0,20,ccc
P3,4,GA_CALIBRADO_CCC,AE_FULL_SURROGATE,17,OK,0.8650795,0.7666666666666666,0.7830688055555556,0.7830688055555556,0.7830688055555556,2.659992,True,True,True,True,0.6428575,0.857143,1.0,0.8,VH,27,47,stable_gens_no_improve,150,200,3,0.005,1.0,20,ccc
P3,4,GA_CALIBRADO_CCC,AE_FULL_SURROGATE,18,OK,0.89418,0.6333333333333333,0.6768077777777778,0.6768077777777778,0.6768077777777778,2.366253,True,True,True,True,0.857143,0.47619100000000003,1.0,0.7333333333333336,H,19,39,stable_gens_no_improve,150,200,3,0.005,1.0,20,ccc
P3,4,GA_CALIBRADO_CCC,AE_FULL_SURROGATE,19,OK,0.8650795,0.7666666666666666,0.7830688055555556,0.7830688055555556,0.7830688055555556,3.726195,True,True,True,True,0.6428575,0.857143,1.0,0.8,VH,47,67,stable_gens_no_improve,150,200,3,0.005,1.0,20,ccc
P3,4,GA_CALIBRADO_CCC,AE_FULL_SURROGATE,20,OK,0.6666669999999999,0.6,0.6111111666666666,0.6111111666666666,0.6111111666666666,1.906998,True,True,True,True,0.6428575,0.857143,0.6428575,0.5,M,13,33,stable_gens_no_improve,150,200,3,0.005,1.0,20,ccc
P3,4,GA_CALIBRADO_CCC,AE_FULL_SURROGATE,21,OK,0.8227515,0.7666666666666666,0.7760141388888888,0.7760141388888888,0.7760141388888888,4.986257,True,True,True,True,0.857143,0.9047620000000001,0.7857145,0.8333333333333333,VH,74,94,stable_gens_no_improve,150,200,3,0.005,1.0,20,ccc
P3,4,GA_CALIBRADO_CCC,AE_FULL_SURROGATE,22,OK,0.7486775,0.6666666666666666,0.6803351388888889,0.6803351388888889,0.6803351388888889,3.288183,True,True,True,True,0.857143,0.952381,0.6428575,0.6666666666666666,H,38,58,stable_gens_no_improve,150,200,3,0.005,1.0,20,ccc
P3,4,GA_CALIBRADO_CCC,AE_FULL_SURROGATE,23,OK,0.8650795,0.7666666666666666,0.7830688055555556,0.7830688055555556,0.7830688055555556,4.482315,True,True,True,True,0.6428575,0.857143,1.0,0.7666666666666666,H,59,79,stable_gens_no_improve,150,200,3,0.005,1.0,20,ccc
P3,4,GA_CALIBRADO_CCC,AE_FULL_SURROGATE,24,OK,0.7433865,0.6,0.6238977499999999,0.6238977499999999,0.6238977499999999,1.876336,True,True,True,True,0.6428575,0.47619100000000003,0.857143,0.5666666666666667,M,11,31,stable_gens_no_improve,150,200,3,0.005,1.0,20,ccc
P3,4,GA_CALIBRADO_CCC,AE_FULL_SURROGATE,25,OK,0.8650795,0.8,0.8108465833333334,0.8108465833333334,0.8108465833333334,4.346421,True,True,True,True,0.6428575,0.857143,1.0,0.8,VH,58,78,stable_gens_no_improve,150,200,3,0.005,1.0,20,ccc
P3,4,GA_CALIBRADO_CCC,AE_FULL_SURROGATE,26,OK,0.8650795,0.8,0.8108465833333334,0.8108465833333334,0.8108465833333334,3.755941,True,True,True,True,0.6428575,0.857143,1.0,0.8,VH,53,73,stable_gens_no_improve,150,200,3,0.005,1.0,20,ccc
P3,4,GA_CALIBRADO_CCC,AE_FULL_SURROGATE,27,OK,0.8650795,0.8,0.8108465833333334,0.8108465833333334,0.8108465833333334,2.911317,True,True,True,True,0.6428575,0.857143,1.0,0.8,VH,31,51,stable_gens_no_improve,150,200,3,0.005,1.0,20,ccc
P3,4,GA_CALIBRADO_CCC,AE_FULL_SURROGATE,28,OK,0.6269845000000001,0.6,0.6044974166666667,0.6044974166666667,0.6044974166666667,2.799285,True,True,True,True,0.6428575,0.857143,0.571429,0.5666666666666667,M,29,49,stable_gens_no_improve,150,200,3,0.005,1.0,20,ccc
P3,4,GA_CALIBRADO_CCC,AE_FULL_SURROGATE,29,OK,0.8650795,0.8,0.8108465833333334,0.8108465833333334,0.8108465833333334,4.08211,True,True,True,True,0.6428575,0.857143,1.0,0.8,VH,51,71,stable_gens_no_improve,150,200,3,0.005,1.0,20,ccc
P3,4,GA_CALIBRADO_CCC,AE_FULL_SURROGATE,30,OK,0.8650795,0.7666666666666666,0.7830688055555556,0.7830688055555556,0.7830688055555556,3.004604,True,True,True,True,0.6428575,0.857143,1.0,0.8,VH,33,53,stable_gens_no_improve,150,200,3,0.005,1.0,20,ccc
P4,4,GA_CALIBRADO_CCC,AE_FULL_SURROGATE,1,OK,0.8174605,0.8333333333333333,0.8201059722222221,0.8201059722222221,0.8201059722222221,2.166466,True,True,True,True,0.857143,0.5000005000000001,0.857143,0.8333333333333333,VH,17,37,stable_gens_no_improve,150,200,3,0.005,1.0,20,ccc
P4,4,GA_CALIBRADO_CCC,AE_FULL_SURROGATE,2,OK,0.8174605,0.8333333333333333,0.8201059722222221,0.8201059722222221,0.8201059722222221,2.502016,True,True,True,True,0.857143,0.5000005000000001,0.857143,0.8333333333333333,VH,25,45,stable_gens_no_improve,150,200,3,0.005,1.0,20,ccc
P4,4,GA_CALIBRADO_CCC,AE_FULL_SURROGATE,3,OK,0.8650795,0.8333333333333333,0.838624361111111,0.838624361111111,0.838624361111111,3.193104,True,True,True,True,0.857143,0.9285715,0.857143,0.8333333333333333,VH,38,58,stable_gens_no_improve,150,200,3,0.005,1.0,20,ccc
P4,4,GA_CALIBRADO_CCC,AE_FULL_SURROGATE,4,OK,0.8373017222222222,0.8333333333333333,0.8339947314814814,0.8339947314814814,0.8339947314814814,2.998749,True,True,True,True,0.857143,0.6785715,0.857143,0.8333333333333333,VH,33,53,stable_gens_no_improve,150,200,3,0.005,1.0,20,ccc
P4,4,GA_CALIBRADO_CCC,AE_FULL_SURROGATE,5,OK,0.8650795,0.8333333333333333,0.838624361111111,0.838624361111111,0.838624361111111,3.33244,True,True,True,True,0.857143,0.9285715,0.857143,0.8333333333333333,VH,40,60,stable_gens_no_improve,150,200,3,0.005,1.0,20,ccc
P4,4,GA_CALIBRADO_CCC,AE_FULL_SURROGATE,6,OK,0.857143,0.7,0.7261905,0.7261905,0.7261905,2.189375,True,True,True,True,0.857143,0.857143,0.857143,0.7000000000000001,H,18,38,stable_gens_no_improve,150,200,3,0.005,1.0,20,ccc
P4,4,GA_CALIBRADO_CCC,AE_FULL_SURROGATE,7,OK,0.809524,0.8333333333333334,0.8134922222222222,0.8134922222222222,0.8134922222222222,2.440139,True,True,True,True,0.857143,0.428572,0.857143,0.8666666666666668,VH,24,44,stable_gens_no_improve,150,200,3,0.005,1.0,20,ccc
P4,4,GA_CALIBRADO_CCC,AE_FULL_SURROGATE,8,OK,0.8373017222222222,0.8333333333333333,0.8339947314814814,0.8339947314814814,0.8339947314814814,2.312352,True,True,True,True,0.857143,0.6785715,0.857143,0.8333333333333333,VH,20,40,stable_gens_no_improve,150,200,3,0.005,1.0,20,ccc
P4,4,GA_CALIBRADO_CCC,AE_FULL_SURROGATE,9,OK,0.809524,0.8333333333333334,0.8134922222222222,0.8134922222222222,0.8134922222222222,3.494023,True,True,True,True,0.857143,0.428572,0.857143,0.8666666666666668,VH,43,63,stable_gens_no_improve,150,200,3,0.005,1.0,20,ccc
P4,4,GA_CALIBRADO_CCC,AE_FULL_SURROGATE,10,OK,0.8373017222222222,0.8333333333333333,0.8339947314814814,0.8339947314814814,0.8339947314814814,2.26388,True,True,True,True,0.857143,0.6785715,0.857143,0.8333333333333333,VH,20,40,stable_gens_no_improve,150,200,3,0.005,1.0,20,ccc
P4,4,GA_CALIBRADO_CCC,AE_FULL_SURROGATE,11,OK,0.857143,0.7999999999999999,0.8095238333333333,0.8095238333333333,0.8095238333333333,3.034596,True,True,True,True,0.857143,0.857143,0.857143,0.8333333333333333,VH,34,54,stable_gens_no_improve,150,200,3,0.005,1.0,20,ccc
P4,4,GA_CALIBRADO_CCC,AE_FULL_SURROGATE,12,OK,0.809524,0.7666666666666666,0.7738095555555554,0.7738095555555554,0.7738095555555554,2.392042,True,True,True,True,0.857143,0.428572,0.857143,0.8,VH,21,41,stable_gens_no_improve,150,200,3,0.005,1.0,20,ccc
P4,4,GA_CALIBRADO_CCC,AE_FULL_SURROGATE,13,OK,0.809524,0.8333333333333333,0.8134922222222222,0.8134922222222222,0.8134922222222222,2.40313,True,True,True,True,0.857143,0.428572,0.857143,0.8333333333333333,VH,22,42,stable_gens_no_improve,150,200,3,0.005,1.0,20,ccc
P4,4,GA_CALIBRADO_CCC,AE_FULL_SURROGATE,14,OK,0.857143,0.7666666666666666,0.7817460555555554,0.7817460555555554,0.7817460555555554,2.211355,True,True,True,True,0.857143,0.857143,0.857143,0.8,VH,17,37,stable_gens_no_improve,150,200,3,0.005,1.0,20,ccc
P4,4,GA_CALIBRADO_CCC,AE_FULL_SURROGATE,15,OK,0.8373017222222222,0.8333333333333333,0.8339947314814814,0.8339947314814814,0.8339947314814814,2.846997,True,True,True,True,0.857143,0.6785715,0.857143,0.8333333333333333,VH,32,52,stable_gens_no_improve,150,200,3,0.005,1.0,20,ccc
P4,4,GA_CALIBRADO_CCC,AE_FULL_SURROGATE,16,OK,0.8174605,0.8333333333333333,0.8201059722222221,0.8201059722222221,0.8201059722222221,3.65704,True,True,True,True,0.857143,0.5000005000000001,0.857143,0.8333333333333333,VH,45,65,stable_gens_no_improve,150,200,3,0.005,1.0,20,ccc
P4,4,GA_CALIBRADO_CCC,AE_FULL_SURROGATE,17,OK,0.8293652222222223,0.7999999999999999,0.8048942037037037,0.8048942037037037,0.8048942037037037,4.267276,True,True,True,True,0.857143,0.2500005,0.9285715,0.8333333333333333,VH,57,77,stable_gens_no_improve,150,200,3,0.005,1.0,20,ccc
P4,4,GA_CALIBRADO_CCC,AE_FULL_SURROGATE,18,OK,0.857143,0.9,0.8642858333333333,0.8642858333333333,0.8642858333333333,3.60762,True,True,True,True,0.857143,0.857143,0.857143,0.9,VH,45,65,stable_gens_no_improve,150,200,3,0.005,1.0,20,ccc
P4,4,GA_CALIBRADO_CCC,AE_FULL_SURROGATE,19,OK,0.809524,0.8333333333333333,0.8134922222222222,0.8134922222222222,0.8134922222222222,4.821768,True,True,True,True,0.857143,0.428572,0.857143,0.8333333333333333,VH,67,87,stable_gens_no_improve,150,200,3,0.005,1.0,20,ccc
P4,4,GA_CALIBRADO_CCC,AE_FULL_SURROGATE,20,OK,0.8373017222222222,0.8333333333333333,0.8339947314814814,0.8339947314814814,0.8339947314814814,3.931976,True,True,True,True,0.857143,0.6785715,0.857143,0.8333333333333333,VH,48,68,stable_gens_no_improve,150,200,3,0.005,1.0,20,ccc
P4,4,GA_CALIBRADO_CCC,AE_FULL_SURROGATE,21,OK,0.857143,0.7666666666666666,0.7817460555555554,0.7817460555555554,0.7817460555555554,4.706715,True,True,True,True,0.857143,0.857143,0.857143,0.8,VH,64,84,stable_gens_no_improve,150,200,3,0.005,1.0,20,ccc
P4,4,GA_CALIBRADO_CCC,AE_FULL_SURROGATE,22,OK,0.8492065,0.7333333333333333,0.7526455277777777,0.7526455277777777,0.7526455277777777,3.222005,True,True,True,True,0.857143,0.428572,0.9285715,0.7666666666666666,H,38,58,stable_gens_no_improve,150,200,3,0.005,1.0,20,ccc
P4,4,GA_CALIBRADO_CCC,AE_FULL_SURROGATE,23,OK,0.857143,0.8333333333333333,0.837301611111111,0.837301611111111,0.837301611111111,2.384921,True,True,True,True,0.857143,0.857143,0.857143,0.8333333333333333,VH,22,42,stable_gens_no_improve,150,200,3,0.005,1.0,20,ccc
P4,4,GA_CALIBRADO_CCC,AE_FULL_SURROGATE,24,OK,0.8373017222222222,0.7333333333333334,0.7506613981481483,0.7506613981481483,0.7506613981481483,2.102392,True,True,True,True,0.857143,0.6785715,0.857143,0.8,VH,19,39,stable_gens_no_improve,150,200,3,0.005,1.0,20,ccc
P4,4,GA_CALIBRADO_CCC,AE_FULL_SURROGATE,25,OK,0.7599207777777779,0.7333333333333334,0.7377645740740743,0.7377645740740743,0.7377645740740743,2.556599,True,True,True,True,0.857143,0.2500005,0.8035715,0.8,VH,25,45,stable_gens_no_improve,150,200,3,0.005,1.0,20,ccc
P4,4,GA_CALIBRADO_CCC,AE_FULL_SURROGATE,26,OK,0.8968255,0.6,0.6494709166666667,0.6494709166666667,0.6494709166666667,2.705792,True,True,True,True,0.857143,0.857143,0.9285715,0.5666666666666667,M,26,46,stable_gens_no_improve,150,200,3,0.005,1.0,20,ccc
P4,4,GA_CALIBRADO_CCC,AE_FULL_SURROGATE,27,OK,0.8492065,0.7333333333333334,0.7526455277777778,0.7526455277777778,0.7526455277777778,3.165691,True,True,True,True,0.857143,0.428572,0.9285715,0.8,VH,40,60,stable_gens_no_improve,150,200,3,0.005,1.0,20,ccc
P4,4,GA_CALIBRADO_CCC,AE_FULL_SURROGATE,28,OK,0.809524,0.8333333333333333,0.8134922222222222,0.8134922222222222,0.8134922222222222,3.121905,True,True,True,True,0.857143,0.428572,0.857143,0.8333333333333333,VH,35,55,stable_gens_no_improve,150,200,3,0.005,1.0,20,ccc
P4,4,GA_CALIBRADO_CCC,AE_FULL_SURROGATE,29,OK,0.809524,0.8333333333333334,0.8134922222222222,0.8134922222222222,0.8134922222222222,3.321681,True,True,True,True,0.857143,0.428572,0.857143,0.8666666666666668,VH,41,61,stable_gens_no_improve,150,200,3,0.005,1.0,20,ccc
P4,4,GA_CALIBRADO_CCC,AE_FULL_SURROGATE,30,OK,0.809524,0.8333333333333334,0.8134922222222222,0.8134922222222222,0.8134922222222222,2.900695,True,True,True,True,0.857143,0.428572,0.857143,0.8666666666666668,VH,34,54,stable_gens_no_improve,150,200,3,0.005,1.0,20,ccc
P5,4,GA_CALIBRADO_CCC,AE_FULL_SURROGATE,1,OK,0.746032,0.7666666666666666,0.7494711111111112,0.7494711111111112,0.7494711111111112,3.327891,True,True,True,True,0.857143,0.571429,0.714286,0.8,VH,35,55,stable_gens_no_improve,150,200,3,0.005,1.0,20,ccc
P5,4,GA_CALIBRADO_CCC,AE_FULL_SURROGATE,2,OK,0.6369050555555555,0.6666666666666666,0.641865324074074,0.641865324074074,0.641865324074074,4.817039,True,True,True,True,0.857143,0.571429,0.5178575,0.6,M,67,87,stable_gens_no_improve,150,200,3,0.005,1.0,20,ccc
P5,4,GA_CALIBRADO_CCC,AE_FULL_SURROGATE,3,OK,0.84127,0.7333333333333334,0.7513227777777778,0.7513227777777778,0.7513227777777778,2.319459,True,True,True,True,0.857143,0.714286,0.857143,0.8,VH,20,40,stable_gens_no_improve,150,200,3,0.005,1.0,20,ccc
P5,4,GA_CALIBRADO_CCC,AE_FULL_SURROGATE,4,OK,0.761905,0.8333333333333333,0.7738097222222223,0.7738097222222223,0.7738097222222223,4.908248,True,True,True,True,0.857143,0.714286,0.714286,0.8333333333333333,VH,66,86,stable_gens_no_improve,150,200,3,0.005,1.0,20,ccc
P5,4,GA_CALIBRADO_CCC,AE_FULL_SURROGATE,5,OK,0.746032,0.7666666666666666,0.7494711111111112,0.7494711111111112,0.7494711111111112,4.989224,True,True,True,True,0.857143,0.571429,0.714286,0.8,VH,72,92,stable_gens_no_improve,150,200,3,0.005,1.0,20,ccc
P5,4,GA_CALIBRADO_CCC,AE_FULL_SURROGATE,6,OK,0.857143,0.7666666666666666,0.7817460555555554,0.7817460555555554,0.7817460555555554,2.801959,True,True,True,True,0.857143,0.857143,0.857143,0.8,VH,27,47,stable_gens_no_improve,150,200,3,0.005,1.0,20,ccc
P5,4,GA_CALIBRADO_CCC,AE_FULL_SURROGATE,7,OK,0.761905,0.7666666666666666,0.762698611111111,0.762698611111111,0.762698611111111,3.237692,True,True,True,True,0.857143,0.714286,0.714286,0.7333333333333333,H,32,52,stable_gens_no_improve,150,200,3,0.005,1.0,20,ccc
P5,4,GA_CALIBRADO_CCC,AE_FULL_SURROGATE,8,OK,0.746032,0.7666666666666666,0.7494711111111112,0.7494711111111112,0.7494711111111112,3.40101,True,True,True,True,0.857143,0.571429,0.714286,0.8,VH,39,59,stable_gens_no_improve,150,200,3,0.005,1.0,20,ccc
P5,4,GA_CALIBRADO_CCC,AE_FULL_SURROGATE,9,OK,0.6626986111111112,0.5666666666666667,0.5826719907407407,0.5826719907407407,0.5826719907407407,2.663456,True,True,True,True,0.857143,0.714286,0.5357145,0.7000000000000001,H,25,45,stable_gens_no_improve,150,200,3,0.005,1.0,20,ccc
P5,4,GA_CALIBRADO_CCC,AE_FULL_SURROGATE,10,OK,0.746032,0.6333333333333333,0.6521164444444444,0.6521164444444444,0.6521164444444444,3.469221,True,True,True,True,0.857143,0.571429,0.714286,0.5666666666666667,M,39,59,stable_gens_no_improve,150,200,3,0.005,1.0,20,ccc
P5,4,GA_CALIBRADO_CCC,AE_FULL_SURROGATE,11,OK,0.857143,0.7333333333333333,0.7539682777777778,0.7539682777777778,0.7539682777777778,2.96702,True,True,True,True,0.857143,0.857143,0.857143,0.7666666666666666,H,30,50,stable_gens_no_improve,150,200,3,0.005,1.0,20,ccc
P5,4,GA_CALIBRADO_CCC,AE_FULL_SURROGATE,12,OK,0.8174605,0.8333333333333333,0.8201059722222221,0.8201059722222221,0.8201059722222221,2.888497,True,True,True,True,0.857143,0.857143,0.7857145,0.8333333333333333,VH,30,50,stable_gens_no_improve,150,200,3,0.005,1.0,20,ccc
P5,4,GA_CALIBRADO_CCC,AE_FULL_SURROGATE,13,OK,0.857143,0.7,0.7261905,0.7261905,0.7261905,2.227862,True,True,True,True,0.857143,0.857143,0.857143,0.7666666666666666,H,16,36,stable_gens_no_improve,150,200,3,0.005,1.0,20,ccc
P5,4,GA_CALIBRADO_CCC,AE_FULL_SURROGATE,14,OK,0.761905,0.8,0.7682541666666668,0.7682541666666668,0.7682541666666668,4.228228,True,True,True,True,0.857143,0.714286,0.714286,0.8,VH,57,77,stable_gens_no_improve,150,200,3,0.005,1.0,20,ccc
P5,4,GA_CALIBRADO_CCC,AE_FULL_SURROGATE,15,OK,0.7777780000000001,0.6666666666666666,0.6851852222222222,0.6851852222222222,0.6851852222222222,3.13271,True,True,True,True,0.857143,0.857143,0.714286,0.7666666666666666,H,37,57,stable_gens_no_improve,150,200,3,0.005,1.0,20,ccc
P5,4,GA_CALIBRADO_CCC,AE_FULL_SURROGATE,16,OK,0.8968255,0.8,0.8161375833333334,0.8161375833333334,0.8161375833333334,3.158203,True,True,True,True,0.857143,0.857143,0.9285715,0.8,VH,32,52,stable_gens_no_improve,150,200,3,0.005,1.0,20,ccc
P5,4,GA_CALIBRADO_CCC,AE_FULL_SURROGATE,17,OK,0.84127,0.7666666666666666,0.7791005555555555,0.7791005555555555,0.7791005555555555,2.128898,True,True,True,True,0.857143,0.714286,0.857143,0.7333333333333333,H,16,36,stable_gens_no_improve,150,200,3,0.005,1.0,20,ccc
P5,4,GA_CALIBRADO_CCC,AE_FULL_SURROGATE,18,OK,0.761905,0.7,0.7103175,0.7103175,0.7103175,3.061446,True,True,True,True,0.857143,0.714286,0.714286,0.7666666666666666,H,33,53,stable_gens_no_improve,150,200,3,0.005,1.0,20,ccc
P5,4,GA_CALIBRADO_CCC,AE_FULL_SURROGATE,19,OK,0.857143,0.7666666666666666,0.7817460555555554,0.7817460555555554,0.7817460555555554,3.851382,True,True,True,True,0.857143,0.857143,0.857143,0.8,VH,48,68,stable_gens_no_improve,150,200,3,0.005,1.0,20,ccc
P5,4,GA_CALIBRADO_CCC,AE_FULL_SURROGATE,20,OK,0.8809524999999999,0.7,0.7301587500000001,0.7301587500000001,0.7301587500000001,2.80538,True,True,True,True,0.857143,0.714286,0.9285715,0.7000000000000001,H,28,48,stable_gens_no_improve,150,200,3,0.005,1.0,20,ccc
P5,4,GA_CALIBRADO_CCC,AE_FULL_SURROGATE,21,OK,0.7579366111111111,0.7999999999999999,0.764947175925926,0.764947175925926,0.764947175925926,3.196851,True,True,True,True,0.857143,0.857143,0.6785715,0.8333333333333333,VH,36,56,stable_gens_no_improve,150,200,3,0.005,1.0,20,ccc
P5,4,GA_CALIBRADO_CCC,AE_FULL_SURROGATE,22,OK,0.666667,0.7,0.6722225000000001,0.6722225000000001,0.6722225000000001,3.706142,True,True,True,True,0.857143,0.571429,0.571429,0.6333333333333333,H,47,67,stable_gens_no_improve,150,200,3,0.005,1.0,20,ccc
P5,4,GA_CALIBRADO_CCC,AE_FULL_SURROGATE,23,OK,0.8968255,0.8,0.8161375833333334,0.8161375833333334,0.8161375833333334,2.084883,True,True,True,True,0.857143,0.857143,0.9285715,0.8,VH,17,37,stable_gens_no_improve,150,200,3,0.005,1.0,20,ccc
P5,4,GA_CALIBRADO_CCC,AE_FULL_SURROGATE,24,OK,0.761905,0.7666666666666666,0.762698611111111,0.762698611111111,0.762698611111111,4.683579,True,True,True,True,0.857143,0.714286,0.714286,0.7666666666666666,H,62,82,stable_gens_no_improve,150,200,3,0.005,1.0,20,ccc
P5,4,GA_CALIBRADO_CCC,AE_FULL_SURROGATE,25,OK,0.7420636111111111,0.7666666666666666,0.7461641203703703,0.7461641203703703,0.7461641203703703,4.877991,True,True,True,True,0.857143,0.714286,0.6785715,0.8,VH,68,88,stable_gens_no_improve,150,200,3,0.005,1.0,20,ccc
P5,4,GA_CALIBRADO_CCC,AE_FULL_SURROGATE,26,OK,0.7420636111111111,0.7666666666666666,0.7461641203703703,0.7461641203703703,0.7461641203703703,4.09138,True,True,True,True,0.857143,0.714286,0.6785715,0.7333333333333333,H,55,75,stable_gens_no_improve,150,200,3,0.005,1.0,20,ccc
P5,4,GA_CALIBRADO_CCC,AE_FULL_SURROGATE,27,OK,0.761905,0.8333333333333333,0.7738097222222223,0.7738097222222223,0.7738097222222223,3.749083,True,True,True,True,0.857143,0.714286,0.714286,0.8333333333333333,VH,45,65,stable_gens_no_improve,150,200,3,0.005,1.0,20,ccc
P5,4,GA_CALIBRADO_CCC,AE_FULL_SURROGATE,28,OK,0.746032,0.7666666666666666,0.7494711111111112,0.7494711111111112,0.7494711111111112,2.998271,True,True,True,True,0.857143,0.571429,0.714286,0.8,VH,31,51,stable_gens_no_improve,150,200,3,0.005,1.0,20,ccc
P5,4,GA_CALIBRADO_CCC,AE_FULL_SURROGATE,29,OK,0.761905,0.7999999999999999,0.7682541666666668,0.7682541666666668,0.7682541666666668,3.328572,True,True,True,True,0.857143,0.714286,0.714286,0.8333333333333333,VH,39,59,stable_gens_no_improve,150,200,3,0.005,1.0,20,ccc
P5,4,GA_CALIBRADO_CCC,AE_FULL_SURROGATE,30,OK,0.761905,0.7666666666666666,0.762698611111111,0.762698611111111,0.762698611111111,3.836262,True,True,True,True,0.857143,0.714286,0.714286,0.8,VH,48,68,stable_gens_no_improve,150,200,3,0.005,1.0,20,ccc
P6,4,GA_CALIBRADO_CCC,AE_FULL_SURROGATE,1,OK,0.8333335,0.6666666666666666,0.6944444722222222,0.6944444722222222,0.6944444722222222,3.013974,True,True,True,True,0.857143,0.6428575,0.857143,0.6666666666666666,H,26,46,stable_gens_no_improve,150,200,3,0.005,1.0,20,ccc
P6,4,GA_CALIBRADO_CCC,AE_FULL_SURROGATE,2,OK,0.6746034999999999,0.7333333333333334,0.6843918055555555,0.6843918055555555,0.6843918055555555,4.285021,True,True,True,True,0.6428575,0.9285715,0.6428575,0.8,VH,50,70,stable_gens_no_improve,150,200,3,0.005,1.0,20,ccc
P6,4,GA_CALIBRADO_CCC,AE_FULL_SURROGATE,3,OK,0.857143,0.6333333333333333,0.6706349444444445,0.6706349444444445,0.6706349444444445,4.328766,True,True,True,True,0.857143,0.857143,0.857143,0.6333333333333335,H,50,70,stable_gens_no_improve,150,200,3,0.005,1.0,20,ccc
P6,4,GA_CALIBRADO_CCC,AE_FULL_SURROGATE,4,OK,0.809524,0.6666666666666666,0.6904762222222222,0.6904762222222222,0.6904762222222222,5.837867,True,True,True,True,0.857143,0.428572,0.857143,0.7666666666666666,H,82,102,stable_gens_no_improve,150,200,3,0.005,1.0,20,ccc
P6,4,GA_CALIBRADO_CCC,AE_FULL_SURROGATE,5,OK,0.8214287222222222,0.6,0.636904787037037,0.636904787037037,0.636904787037037,3.071918,True,True,True,True,1.0,0.464286,0.7857145,0.5666666666666667,M,32,52,stable_gens_no_improve,150,200,3,0.005,1.0,20,ccc
P6,4,GA_CALIBRADO_CCC,AE_FULL_SURROGATE,6,OK,0.857143,0.7,0.7261905,0.7261905,0.7261905,4.082822,True,True,True,True,0.857143,0.857143,0.857143,0.7666666666666666,H,46,66,stable_gens_no_improve,150,200,3,0.005,1.0,20,ccc
P6,4,GA_CALIBRADO_CCC,AE_FULL_SURROGATE,7,OK,0.714286,0.6666666666666666,0.6746032222222222,0.6746032222222222,0.6746032222222222,5.740398,True,True,True,True,0.857143,0.6428575,0.6428575,0.7333333333333336,H,73,93,stable_gens_no_improve,150,200,3,0.005,1.0,20,ccc
P6,4,GA_CALIBRADO_CCC,AE_FULL_SURROGATE,8,OK,0.714286,0.7333333333333334,0.7174605555555557,0.7174605555555557,0.7174605555555557,5.962691,True,True,True,True,0.857143,0.6428575,0.6428575,0.8,VH,78,98,stable_gens_no_improve,150,200,3,0.005,1.0,20,ccc
P6,4,GA_CALIBRADO_CCC,AE_FULL_SURROGATE,9,OK,0.8333335,0.6,0.6388889166666667,0.6388889166666667,0.6388889166666667,2.912037,True,True,True,True,0.857143,0.6428575,0.857143,0.5,M,28,48,stable_gens_no_improve,150,200,3,0.005,1.0,20,ccc
P6,4,GA_CALIBRADO_CCC,AE_FULL_SURROGATE,10,OK,0.857143,0.5666666666666667,0.6150793888888888,0.6150793888888888,0.6150793888888888,2.164872,True,True,True,True,0.857143,0.857143,0.857143,0.5333333333333334,M,13,33,stable_gens_no_improve,150,200,3,0.005,1.0,20,ccc
P6,4,GA_CALIBRADO_CCC,AE_FULL_SURROGATE,11,OK,0.857143,0.6666666666666666,0.6984127222222222,0.6984127222222222,0.6984127222222222,3.741807,True,True,True,True,0.857143,0.857143,0.857143,0.6666666666666666,H,40,60,stable_gens_no_improve,150,200,3,0.005,1.0,20,ccc
P6,4,GA_CALIBRADO_CCC,AE_FULL_SURROGATE,12,OK,0.714286,0.7,0.7023809999999999,0.7023809999999999,0.7023809999999999,4.973221,True,True,True,True,0.857143,0.6428575,0.6428575,0.7333333333333336,H,61,81,stable_gens_no_improve,150,200,3,0.005,1.0,20,ccc
P6,4,GA_CALIBRADO_CCC,AE_FULL_SURROGATE,13,OK,0.7857145,0.7,0.71428575,0.71428575,0.71428575,5.113057,True,True,True,True,0.6428575,0.857143,0.857143,0.7000000000000001,H,62,82,stable_gens_no_improve,150,200,3,0.005,1.0,20,ccc
P6,4,GA_CALIBRADO_CCC,AE_FULL_SURROGATE,14,OK,0.857143,0.7666666666666666,0.7817460555555554,0.7817460555555554,0.7817460555555554,3.507528,True,True,True,True,0.857143,0.857143,0.857143,0.8,VH,36,56,stable_gens_no_improve,150,200,3,0.005,1.0,20,ccc
P6,4,GA_CALIBRADO_CCC,AE_FULL_SURROGATE,15,OK,0.6904765,0.7,0.69206375,0.69206375,0.69206375,2.486401,True,True,True,True,0.857143,0.428572,0.6428575,0.7666666666666666,H,18,38,stable_gens_no_improve,150,200,3,0.005,1.0,20,ccc
P6,4,GA_CALIBRADO_CCC,AE_FULL_SURROGATE,16,OK,0.857143,0.7,0.7261905,0.7261905,0.7261905,2.460089,True,True,True,True,0.857143,0.857143,0.857143,0.7666666666666666,H,17,37,stable_gens_no_improve,150,200,3,0.005,1.0,20,ccc
P6,4,GA_CALIBRADO_CCC,AE_FULL_SURROGATE,17,OK,0.8333335,0.7333333333333333,0.7500000277777777,0.7500000277777777,0.7500000277777777,3.293154,True,True,True,True,0.857143,0.6428575,0.857143,0.7666666666666666,H,32,52,stable_gens_no_improve,150,200,3,0.005,1.0,20,ccc
P6,4,GA_CALIBRADO_CCC,AE_FULL_SURROGATE,18,OK,0.857143,0.5666666666666667,0.6150793888888888,0.6150793888888888,0.6150793888888888,3.098,True,True,True,True,0.857143,0.857143,0.857143,0.5333333333333334,M,30,50,stable_gens_no_improve,150,200,3,0.005,1.0,20,ccc
P6,4,GA_CALIBRADO_CCC,AE_FULL_SURROGATE,19,OK,0.6666669999999999,0.7333333333333334,0.6777780555555554,0.6777780555555554,0.6777780555555554,3.455763,True,True,True,True,0.6428575,0.857143,0.6428575,0.8,VH,37,57,stable_gens_no_improve,150,200,3,0.005,1.0,20,ccc
P6,4,GA_CALIBRADO_CCC,AE_FULL_SURROGATE,20,OK,0.857143,0.6,0.6428571666666666,0.6428571666666666,0.6428571666666666,2.332506,True,True,True,True,0.857143,0.857143,0.857143,0.6666666666666666,H,17,37,stable_gens_no_improve,150,200,3,0.005,1.0,20,ccc
P6,4,GA_CALIBRADO_CCC,AE_FULL_SURROGATE,21,OK,0.8333335,0.7333333333333333,0.7500000277777777,0.7500000277777777,0.7500000277777777,3.900976,True,True,True,True,0.857143,0.6428575,0.857143,0.7666666666666666,H,41,61,stable_gens_no_improve,150,200,3,0.005,1.0,20,ccc
P6,4,GA_CALIBRADO_CCC,AE_FULL_SURROGATE,22,OK,0.8333335,0.7333333333333333,0.7500000277777777,0.7500000277777777,0.7500000277777777,4.335606,True,True,True,True,0.857143,0.6428575,0.857143,0.7666666666666666,H,50,70,stable_gens_no_improve,150,200,3,0.005,1.0,20,ccc
P6,4,GA_CALIBRADO_CCC,AE_FULL_SURROGATE,23,OK,0.8333335,0.6666666666666666,0.6944444722222222,0.6944444722222222,0.6944444722222222,4.776891,True,True,True,True,0.857143,0.6428575,0.857143,0.7333333333333336,H,59,79,stable_gens_no_improve,150,200,3,0.005,1.0,20,ccc
P6,4,GA_CALIBRADO_CCC,AE_FULL_SURROGATE,24,OK,0.857143,0.6,0.6428571666666666,0.6428571666666666,0.6428571666666666,5.12402,True,True,True,True,0.857143,0.857143,0.857143,0.5333333333333335,M,64,84,stable_gens_no_improve,150,200,3,0.005,1.0,20,ccc
P6,4,GA_CALIBRADO_CCC,AE_FULL_SURROGATE,25,OK,0.746032,0.7,0.707672,0.707672,0.707672,5.963568,True,True,True,True,0.6428575,0.5000005000000001,0.857143,0.7000000000000001,H,80,100,stable_gens_no_improve,150,200,3,0.005,1.0,20,ccc
P6,4,GA_CALIBRADO_CCC,AE_FULL_SURROGATE,26,OK,0.857143,0.7666666666666666,0.7817460555555554,0.7817460555555554,0.7817460555555554,2.946029,True,True,True,True,0.857143,0.857143,0.857143,0.8,VH,29,49,stable_gens_no_improve,150,200,3,0.005,1.0,20,ccc
P6,4,GA_CALIBRADO_CCC,AE_FULL_SURROGATE,27,OK,0.857143,0.7666666666666666,0.7817460555555554,0.7817460555555554,0.7817460555555554,5.96342,True,True,True,True,0.857143,0.857143,0.857143,0.8,VH,80,100,stable_gens_no_improve,150,200,3,0.005,1.0,20,ccc
P6,4,GA_CALIBRADO_CCC,AE_FULL_SURROGATE,28,OK,0.857143,0.7,0.7261905,0.7261905,0.7261905,6.313251,True,True,True,True,0.857143,0.857143,0.857143,0.7666666666666666,H,88,108,stable_gens_no_improve,150,200,3,0.005,1.0,20,ccc
P6,4,GA_CALIBRADO_CCC,AE_FULL_SURROGATE,29,OK,0.6904765,0.7,0.69206375,0.69206375,0.69206375,4.050963,True,True,True,True,0.857143,0.428572,0.6428575,0.7666666666666666,H,47,67,stable_gens_no_improve,150,200,3,0.005,1.0,20,ccc
P6,4,GA_CALIBRADO_CCC,AE_FULL_SURROGATE,30,OK,0.714286,0.7,0.7023809999999999,0.7023809999999999,0.7023809999999999,3.622535,True,True,True,True,0.857143,0.6428575,0.6428575,0.7333333333333336,H,38,58,stable_gens_no_improve,150,200,3,0.005,1.0,20,ccc
P7,4,GA_CALIBRADO_CCC,AE_FULL_SURROGATE,1,OK,0.8511906111111112,0.9,0.8593255092592593,0.8593255092592593,0.8593255092592593,2.605398,True,True,True,True,0.857143,0.8035715,0.857143,0.9,VH,22,42,stable_gens_no_improve,150,200,3,0.005,1.0,20,ccc
P7,4,GA_CALIBRADO_CCC,AE_FULL_SURROGATE,2,OK,0.8511906111111112,0.8666666666666667,0.8537699537037037,0.8537699537037037,0.8537699537037037,3.232128,True,True,True,True,0.857143,0.8035715,0.857143,0.8666666666666668,VH,30,50,stable_gens_no_improve,150,200,3,0.005,1.0,20,ccc
P7,4,GA_CALIBRADO_CCC,AE_FULL_SURROGATE,3,OK,0.8511906111111112,0.8666666666666667,0.8537699537037037,0.8537699537037037,0.8537699537037037,2.358205,True,True,True,True,0.857143,0.8035715,0.857143,0.8666666666666668,VH,17,37,stable_gens_no_improve,150,200,3,0.005,1.0,20,ccc
P7,4,GA_CALIBRADO_CCC,AE_FULL_SURROGATE,4,OK,0.8511906111111112,0.9,0.8593255092592593,0.8593255092592593,0.8593255092592593,2.471529,True,True,True,True,0.857143,0.8035715,0.857143,0.9,VH,21,41,stable_gens_no_improve,150,200,3,0.005,1.0,20,ccc
P7,4,GA_CALIBRADO_CCC,AE_FULL_SURROGATE,5,OK,0.8511906111111112,0.8666666666666667,0.8537699537037037,0.8537699537037037,0.8537699537037037,2.013332,True,True,True,True,0.857143,0.8035715,0.857143,0.8666666666666668,VH,12,32,stable_gens_no_improve,150,200,3,0.005,1.0,20,ccc
P7,4,GA_CALIBRADO_CCC,AE_FULL_SURROGATE,6,OK,0.8650795,0.6,0.6441799166666667,0.6441799166666667,0.6441799166666667,2.960203,True,True,True,True,0.857143,0.9285715,0.857143,0.5666666666666667,M,26,46,stable_gens_no_improve,150,200,3,0.005,1.0,20,ccc
P7,4,GA_CALIBRADO_CCC,AE_FULL_SURROGATE,7,OK,0.857143,0.8,0.8095238333333333,0.8095238333333333,0.8095238333333333,2.298346,True,True,True,True,0.857143,0.857143,0.857143,0.8,VH,16,36,stable_gens_no_improve,150,200,3,0.005,1.0,20,ccc
P7,4,GA_CALIBRADO_CCC,AE_FULL_SURROGATE,8,OK,0.8511906111111112,0.9,0.8593255092592593,0.8593255092592593,0.8593255092592593,3.186737,True,True,True,True,0.857143,0.8035715,0.857143,0.9,VH,32,52,stable_gens_no_improve,150,200,3,0.005,1.0,20,ccc
P7,4,GA_CALIBRADO_CCC,AE_FULL_SURROGATE,9,OK,0.8650795,0.9,0.8708995833333334,0.8708995833333334,0.8708995833333334,3.146919,True,True,True,True,0.857143,0.9285715,0.857143,0.9,VH,29,49,stable_gens_no_improve,150,200,3,0.005,1.0,20,ccc
P7,4,GA_CALIBRADO_CCC,AE_FULL_SURROGATE,10,OK,0.8452382222222222,0.9,0.8543651851851853,0.8543651851851853,0.8543651851851853,3.510848,True,True,True,True,0.857143,0.75,0.857143,0.9,VH,36,56,stable_gens_no_improve,150,200,3,0.005,1.0,20,ccc
P7,4,GA_CALIBRADO_CCC,AE_FULL_SURROGATE,11,OK,0.8511906111111112,0.8666666666666667,0.8537699537037037,0.8537699537037037,0.8537699537037037,2.494232,True,True,True,True,0.857143,0.8035715,0.857143,0.8666666666666668,VH,20,40,stable_gens_no_improve,150,200,3,0.005,1.0,20,ccc
P7,4,GA_CALIBRADO_CCC,AE_FULL_SURROGATE,12,OK,0.8511906111111112,0.9,0.8593255092592593,0.8593255092592593,0.8593255092592593,5.951638,True,True,True,True,0.857143,0.8035715,0.857143,0.9,VH,41,61,stable_gens_no_improve,150,200,3,0.005,1.0,20,ccc
P7,4,GA_CALIBRADO_CCC,AE_FULL_SURROGATE,13,OK,0.8511906111111112,0.9,0.8593255092592593,0.8593255092592593,0.8593255092592593,11.00252,True,True,True,True,0.857143,0.8035715,0.857143,0.9,VH,46,66,stable_gens_no_improve,150,200,3,0.005,1.0,20,ccc
P7,4,GA_CALIBRADO_CCC,AE_FULL_SURROGATE,14,OK,0.857143,0.8666666666666667,0.8587302777777778,0.8587302777777778,0.8587302777777778,14.666325,True,True,True,True,0.857143,0.857143,0.857143,0.8666666666666668,VH,53,73,stable_gens_no_improve,150,200,3,0.005,1.0,20,ccc
P7,4,GA_CALIBRADO_CCC,AE_FULL_SURROGATE,15,OK,0.8511906111111112,0.8666666666666667,0.8537699537037037,0.8537699537037037,0.8537699537037037,5.536867,True,True,True,True,0.857143,0.8035715,0.857143,0.8666666666666668,VH,6,26,stable_gens_no_improve,150,200,3,0.005,1.0,20,ccc
P7,4,GA_CALIBRADO_CCC,AE_FULL_SURROGATE,16,OK,0.8511906111111112,0.9,0.8593255092592593,0.8593255092592593,0.8593255092592593,10.980624,True,True,True,True,0.857143,0.8035715,0.857143,0.9,VH,32,52,stable_gens_no_improve,150,200,3,0.005,1.0,20,ccc
P7,4,GA_CALIBRADO_CCC,AE_FULL_SURROGATE,17,OK,0.8511906111111112,0.8333333333333333,0.8363095462962962,0.8363095462962962,0.8363095462962962,10.214622,True,True,True,True,0.857143,0.8035715,0.857143,0.8333333333333333,VH,37,57,stable_gens_no_improve,150,200,3,0.005,1.0,20,ccc
P7,4,GA_CALIBRADO_CCC,AE_FULL_SURROGATE,18,OK,0.8511906111111112,0.8666666666666667,0.8537699537037037,0.8537699537037037,0.8537699537037037,8.302677,True,True,True,True,0.857143,0.8035715,0.857143,0.8666666666666668,VH,25,45,stable_gens_no_improve,150,200,3,0.005,1.0,20,ccc
P7,4,GA_CALIBRADO_CCC,AE_FULL_SURROGATE,19,OK,0.8511906111111112,0.9,0.8593255092592593,0.8593255092592593,0.8593255092592593,6.478674,True,True,True,True,0.857143,0.8035715,0.857143,0.9,VH,14,34,stable_gens_no_improve,150,200,3,0.005,1.0,20,ccc
P7,4,GA_CALIBRADO_CCC,AE_FULL_SURROGATE,20,OK,0.8511906111111112,0.8666666666666667,0.8537699537037037,0.8537699537037037,0.8537699537037037,5.575519,True,True,True,True,0.857143,0.8035715,0.857143,0.8666666666666668,VH,10,30,stable_gens_no_improve,150,200,3,0.005,1.0,20,ccc
P7,4,GA_CALIBRADO_CCC,AE_FULL_SURROGATE,21,OK,0.9305556111111112,0.7999999999999999,0.8217592685185185,0.8217592685185185,0.8217592685185185,7.196441,True,True,True,True,0.857143,0.8035715,1.0,0.8333333333333333,VH,22,42,stable_gens_no_improve,150,200,3,0.005,1.0,20,ccc
P7,4,GA_CALIBRADO_CCC,AE_FULL_SURROGATE,22,OK,0.8452382222222222,0.9,0.8543651851851853,0.8543651851851853,0.8543651851851853,9.556382,True,True,True,True,0.857143,0.75,0.857143,0.9,VH,33,53,stable_gens_no_improve,150,200,3,0.005,1.0,20,ccc
P7,4,GA_CALIBRADO_CCC,AE_FULL_SURROGATE,23,OK,0.8511906111111112,0.9,0.8593255092592593,0.8593255092592593,0.8593255092592593,10.965077,True,True,True,True,0.857143,0.8035715,0.857143,0.9,VH,42,62,stable_gens_no_improve,150,200,3,0.005,1.0,20,ccc
P7,4,GA_CALIBRADO_CCC,AE_FULL_SURROGATE,24,OK,0.8511906111111112,0.9,0.8593255092592593,0.8593255092592593,0.8593255092592593,10.019926,True,True,True,True,0.857143,0.8035715,0.857143,0.9,VH,37,57,stable_gens_no_improve,150,200,3,0.005,1.0,20,ccc
P7,4,GA_CALIBRADO_CCC,AE_FULL_SURROGATE,25,OK,0.8511906111111112,0.8333333333333334,0.8363095462962963,0.8363095462962963,0.8363095462962963,7.494949,True,True,True,True,0.857143,0.8035715,0.857143,0.8666666666666668,VH,23,43,stable_gens_no_improve,150,200,3,0.005,1.0,20,ccc
P7,4,GA_CALIBRADO_CCC,AE_FULL_SURROGATE,26,OK,0.857143,0.7666666666666666,0.7817460555555554,0.7817460555555554,0.7817460555555554,9.057547,True,True,True,True,0.857143,0.857143,0.857143,0.7333333333333333,H,33,53,stable_gens_no_improve,150,200,3,0.005,1.0,20,ccc
P7,4,GA_CALIBRADO_CCC,AE_FULL_SURROGATE,27,OK,0.857143,0.8333333333333333,0.837301611111111,0.837301611111111,0.837301611111111,9.42036,True,True,True,True,0.857143,0.857143,0.857143,0.8333333333333333,VH,30,50,stable_gens_no_improve,150,200,3,0.005,1.0,20,ccc
P7,4,GA_CALIBRADO_CCC,AE_FULL_SURROGATE,28,OK,0.8511906111111112,0.8666666666666667,0.8537699537037037,0.8537699537037037,0.8537699537037037,7.110882,True,True,True,True,0.857143,0.8035715,0.857143,0.8666666666666668,VH,17,37,stable_gens_no_improve,150,200,3,0.005,1.0,20,ccc
P7,4,GA_CALIBRADO_CCC,AE_FULL_SURROGATE,29,OK,0.8511906111111112,0.9,0.8593255092592593,0.8593255092592593,0.8593255092592593,8.001221,True,True,True,True,0.857143,0.8035715,0.857143,0.9,VH,22,42,stable_gens_no_improve,150,200,3,0.005,1.0,20,ccc
P7,4,GA_CALIBRADO_CCC,AE_FULL_SURROGATE,30,OK,0.8511906111111112,0.8333333333333333,0.8363095462962962,0.8363095462962962,0.8363095462962962,7.833639,True,True,True,True,0.857143,0.8035715,0.857143,0.8333333333333333,VH,20,40,stable_gens_no_improve,150,200,3,0.005,1.0,20,ccc
P8,4,GA_CALIBRADO_CCC,AE_FULL_SURROGATE,1,OK,0.857143,0.7333333333333334,0.7539682777777778,0.7539682777777778,0.7539682777777778,9.34851,True,True,True,True,0.857143,0.857143,0.857143,0.7333333333333334,H,31,51,stable_gens_no_improve,150,200,3,0.005,1.0,20,ccc
P8,4,GA_CALIBRADO_CCC,AE_FULL_SURROGATE,2,OK,0.7321431111111111,0.7666666666666666,0.7378970370370371,0.7378970370370371,0.7378970370370371,13.818008,True,True,True,True,0.857143,0.8035715,0.6428575,0.8,VH,50,70,stable_gens_no_improve,150,200,3,0.005,1.0,20,ccc
P8,4,GA_CALIBRADO_CCC,AE_FULL_SURROGATE,3,OK,0.6825399999999999,0.8333333333333333,0.7076722222222221,0.7076722222222221,0.7076722222222221,13.941632,True,True,True,True,0.6428575,1.0,0.6428575,0.8333333333333333,VH,60,80,stable_gens_no_improve,150,200,3,0.005,1.0,20,ccc
P8,4,GA_CALIBRADO_CCC,AE_FULL_SURROGATE,4,OK,0.8492065,0.9,0.8576720833333334,0.8576720833333334,0.8576720833333334,18.108541,True,True,True,True,0.857143,0.7857145,0.857143,0.9,VH,79,99,stable_gens_no_improve,150,200,3,0.005,1.0,20,ccc
P8,4,GA_CALIBRADO_CCC,AE_FULL_SURROGATE,5,OK,0.7380955,0.7333333333333334,0.7341270277777778,0.7341270277777778,0.7341270277777778,12.064915,True,True,True,True,0.857143,0.857143,0.6428575,0.7333333333333334,H,42,62,stable_gens_no_improve,150,200,3,0.005,1.0,20,ccc
P8,4,GA_CALIBRADO_CCC,AE_FULL_SURROGATE,6,OK,0.7380955,0.6,0.6230159166666667,0.6230159166666667,0.6230159166666667,7.624153,True,True,True,True,0.857143,0.857143,0.6428575,0.7000000000000001,H,21,41,stable_gens_no_improve,150,200,3,0.005,1.0,20,ccc
P8,4,GA_CALIBRADO_CCC,AE_FULL_SURROGATE,7,OK,0.7380955,0.7333333333333334,0.7341270277777778,0.7341270277777778,0.7341270277777778,14.770975,True,True,True,True,0.857143,0.857143,0.6428575,0.7333333333333334,H,61,81,stable_gens_no_improve,150,200,3,0.005,1.0,20,ccc
P8,4,GA_CALIBRADO_CCC,AE_FULL_SURROGATE,8,OK,0.8015874999999999,0.6333333333333333,0.6613756944444443,0.6613756944444443,0.6613756944444443,9.323262,True,True,True,True,0.6428575,1.0,0.857143,0.5666666666666667,M,34,54,stable_gens_no_improve,150,200,3,0.005,1.0,20,ccc
P8,4,GA_CALIBRADO_CCC,AE_FULL_SURROGATE,9,OK,0.6349210000000001,0.5666666666666667,0.5780423888888889,0.5780423888888889,0.5780423888888889,10.305867,True,True,True,True,0.857143,1.0,0.428572,0.6,M,35,55,stable_gens_no_improve,150,200,3,0.005,1.0,20,ccc
P8,4,GA_CALIBRADO_CCC,AE_FULL_SURROGATE,10,OK,0.7539684999999999,0.7,0.70899475,0.70899475,0.70899475,7.411419,True,True,True,True,0.857143,1.0,0.6428575,0.6333333333333333,H,19,39,stable_gens_no_improve,150,200,3,0.005,1.0,20,ccc
P8,4,GA_CALIBRADO_CCC,AE_FULL_SURROGATE,11,OK,0.7539684999999999,0.7,0.70899475,0.70899475,0.70899475,11.922852,True,True,True,True,0.857143,1.0,0.6428575,0.6333333333333333,H,43,63,stable_gens_no_improve,150,200,3,0.005,1.0,20,ccc
P8,4,GA_CALIBRADO_CCC,AE_FULL_SURROGATE,12,OK,0.8492065,0.9,0.8576720833333334,0.8576720833333334,0.8576720833333334,12.813875,True,True,True,True,0.857143,0.7857145,0.857143,0.9,VH,46,66,stable_gens_no_improve,150,200,3,0.005,1.0,20,ccc
P8,4,GA_CALIBRADO_CCC,AE_FULL_SURROGATE,13,OK,0.6349210000000001,0.6,0.6058201666666667,0.6058201666666667,0.6058201666666667,10.209321,True,True,True,True,0.857143,1.0,0.428572,0.6333333333333335,H,33,53,stable_gens_no_improve,150,200,3,0.005,1.0,20,ccc
P8,4,GA_CALIBRADO_CCC,AE_FULL_SURROGATE,14,OK,0.8492065,0.9,0.8576720833333334,0.8576720833333334,0.8576720833333334,9.363487,True,True,True,True,0.857143,0.7857145,0.857143,0.9,VH,29,49,stable_gens_no_improve,150,200,3,0.005,1.0,20,ccc
P8,4,GA_CALIBRADO_CCC,AE_FULL_SURROGATE,15,OK,0.730159,0.9,0.7584658333333333,0.7584658333333333,0.7584658333333333,13.011434,True,True,True,True,0.857143,0.7857145,0.6428575,0.9,VH,56,76,stable_gens_no_improve,150,200,3,0.005,1.0,20,ccc
P8,4,GA_CALIBRADO_CCC,AE_FULL_SURROGATE,16,OK,0.8492065,0.9,0.8576720833333334,0.8576720833333334,0.8576720833333334,10.202299,True,True,True,True,0.857143,0.7857145,0.857143,0.9,VH,28,48,stable_gens_no_improve,150,200,3,0.005,1.0,20,ccc
P8,4,GA_CALIBRADO_CCC,AE_FULL_SURROGATE,17,OK,0.873016,0.8333333333333334,0.8399471111111111,0.8399471111111111,0.8399471111111111,9.358377,True,True,True,True,0.857143,1.0,0.857143,0.8666666666666668,VH,24,44,stable_gens_no_improve,150,200,3,0.005,1.0,20,ccc
P8,4,GA_CALIBRADO_CCC,AE_FULL_SURROGATE,18,OK,0.746032,0.7,0.707672,0.707672,0.707672,8.560902,True,True,True,True,0.857143,0.9285715,0.6428575,0.7000000000000001,H,22,42,stable_gens_no_improve,150,200,3,0.005,1.0,20,ccc
P8,4,GA_CALIBRADO_CCC,AE_FULL_SURROGATE,19,OK,0.8492065,0.9,0.8576720833333334,0.8576720833333334,0.8576720833333334,8.577991,True,True,True,True,0.857143,0.7857145,0.857143,0.9,VH,22,42,stable_gens_no_improve,150,200,3,0.005,1.0,20,ccc
P8,4,GA_CALIBRADO_CCC,AE_FULL_SURROGATE,20,OK,0.8650795,0.6666666666666666,0.6997354722222222,0.6997354722222222,0.6997354722222222,6.462927,True,True,True,True,0.857143,0.9285715,0.857143,0.6666666666666666,H,13,33,stable_gens_no_improve,150,200,3,0.005,1.0,20,ccc
P8,4,GA_CALIBRADO_CCC,AE_FULL_SURROGATE,21,OK,0.857143,0.7333333333333334,0.7539682777777778,0.7539682777777778,0.7539682777777778,9.803863,True,True,True,True,0.857143,0.857143,0.857143,0.7333333333333334,H,32,52,stable_gens_no_improve,150,200,3,0.005,1.0,20,ccc
P8,4,GA_CALIBRADO_CCC,AE_FULL_SURROGATE,22,OK,0.7321431111111111,0.7333333333333333,0.7323414814814814,0.7323414814814814,0.7323414814814814,9.297664,True,True,True,True,0.857143,0.8035715,0.6428575,0.7333333333333333,H,30,50,stable_gens_no_improve,150,200,3,0.005,1.0,20,ccc
P8,4,GA_CALIBRADO_CCC,AE_FULL_SURROGATE,23,OK,0.857143,0.7333333333333334,0.7539682777777778,0.7539682777777778,0.7539682777777778,9.33915,True,True,True,True,0.857143,0.857143,0.857143,0.7333333333333334,H,32,52,stable_gens_no_improve,150,200,3,0.005,1.0,20,ccc
P8,4,GA_CALIBRADO_CCC,AE_FULL_SURROGATE,24,OK,0.8492065,0.9,0.8576720833333334,0.8576720833333334,0.8576720833333334,11.771653,True,True,True,True,0.857143,0.7857145,0.857143,0.9,VH,42,62,stable_gens_no_improve,150,200,3,0.005,1.0,20,ccc
P8,4,GA_CALIBRADO_CCC,AE_FULL_SURROGATE,25,OK,0.8492065,0.9,0.8576720833333334,0.8576720833333334,0.8576720833333334,10.733686,True,True,True,True,0.857143,0.7857145,0.857143,0.9,VH,40,60,stable_gens_no_improve,150,200,3,0.005,1.0,20,ccc
P8,4,GA_CALIBRADO_CCC,AE_FULL_SURROGATE,26,OK,0.7380955,0.8,0.7484129166666666,0.7484129166666666,0.7484129166666666,9.461475,True,True,True,True,0.857143,0.857143,0.6428575,0.8,VH,31,51,stable_gens_no_improve,150,200,3,0.005,1.0,20,ccc
P8,4,GA_CALIBRADO_CCC,AE_FULL_SURROGATE,27,OK,0.6825399999999999,0.8333333333333333,0.7076722222222221,0.7076722222222221,0.7076722222222221,13.370814,True,True,True,True,0.6428575,1.0,0.6428575,0.8333333333333333,VH,55,75,stable_gens_no_improve,150,200,3,0.005,1.0,20,ccc
P8,4,GA_CALIBRADO_CCC,AE_FULL_SURROGATE,28,OK,0.6825399999999999,0.8333333333333333,0.7076722222222221,0.7076722222222221,0.7076722222222221,11.15867,True,True,True,True,0.6428575,1.0,0.6428575,0.8333333333333333,VH,37,57,stable_gens_no_improve,150,200,3,0.005,1.0,20,ccc
P8,4,GA_CALIBRADO_CCC,AE_FULL_SURROGATE,29,OK,0.8492065,0.9,0.8576720833333334,0.8576720833333334,0.8576720833333334,8.196753,True,True,True,True,0.857143,0.7857145,0.857143,0.9,VH,24,44,stable_gens_no_improve,150,200,3,0.005,1.0,20,ccc
P8,4,GA_CALIBRADO_CCC,AE_FULL_SURROGATE,30,OK,0.8492065,0.8,0.8082010833333334,0.8082010833333334,0.8082010833333334,10.223286,True,True,True,True,0.857143,0.7857145,0.857143,0.8,VH,36,56,stable_gens_no_improve,150,200,3,0.005,1.0,20,ccc
P9,4,GA_CALIBRADO_CCC,AE_FULL_SURROGATE,1,OK,0.873016,0.8666666666666667,0.867724888888889,0.867724888888889,0.867724888888889,7.590531,True,True,True,True,0.857143,0.6428575,0.9285715,0.8666666666666668,VH,23,43,stable_gens_no_improve,150,200,3,0.005,1.0,20,ccc
P9,4,GA_CALIBRADO_CCC,AE_FULL_SURROGATE,2,OK,0.857143,0.8333333333333333,0.837301611111111,0.837301611111111,0.837301611111111,8.092788,True,True,True,True,0.857143,0.857143,0.857143,0.8333333333333333,VH,24,44,stable_gens_no_improve,150,200,3,0.005,1.0,20,ccc
P9,4,GA_CALIBRADO_CCC,AE_FULL_SURROGATE,3,OK,0.873016,0.8666666666666667,0.867724888888889,0.867724888888889,0.867724888888889,10.637759,True,True,True,True,0.857143,0.6428575,0.9285715,0.8666666666666668,VH,36,56,stable_gens_no_improve,150,200,3,0.005,1.0,20,ccc
P9,4,GA_CALIBRADO_CCC,AE_FULL_SURROGATE,4,OK,0.8492065,0.8333333333333333,0.8359788611111111,0.8359788611111111,0.8359788611111111,6.359607,True,True,True,True,0.857143,0.428572,0.9285715,0.8333333333333333,VH,29,49,stable_gens_no_improve,150,200,3,0.005,1.0,20,ccc
P9,4,GA_CALIBRADO_CCC,AE_FULL_SURROGATE,5,OK,0.857143,0.7,0.7261905,0.7261905,0.7261905,4.874795,True,True,True,True,0.857143,0.857143,0.857143,0.7666666666666666,H,14,34,stable_gens_no_improve,150,200,3,0.005,1.0,20,ccc
P9,4,GA_CALIBRADO_CCC,AE_FULL_SURROGATE,6,OK,0.873016,0.8666666666666667,0.867724888888889,0.867724888888889,0.867724888888889,13.751339,True,True,True,True,0.857143,0.6428575,0.9285715,0.8666666666666668,VH,50,70,stable_gens_no_improve,150,200,3,0.005,1.0,20,ccc
P9,4,GA_CALIBRADO_CCC,AE_FULL_SURROGATE,7,OK,0.809524,0.8,0.8015873333333333,0.8015873333333333,0.8015873333333333,10.50891,True,True,True,True,0.857143,0.428572,0.857143,0.8,VH,35,55,stable_gens_no_improve,150,200,3,0.005,1.0,20,ccc
P9,4,GA_CALIBRADO_CCC,AE_FULL_SURROGATE,8,OK,0.8492065,0.8333333333333333,0.8359788611111111,0.8359788611111111,0.8359788611111111,13.294259,True,True,True,True,0.857143,0.428572,0.9285715,0.8333333333333333,VH,57,77,stable_gens_no_improve,150,200,3,0.005,1.0,20,ccc
P9,4,GA_CALIBRADO_CCC,AE_FULL_SURROGATE,9,OK,0.8333335,0.7333333333333334,0.7500000277777779,0.7500000277777779,0.7500000277777779,7.67341,True,True,True,True,0.857143,0.6428575,0.857143,0.7000000000000001,H,22,42,stable_gens_no_improve,150,200,3,0.005,1.0,20,ccc
P9,4,GA_CALIBRADO_CCC,AE_FULL_SURROGATE,10,OK,0.8333335,0.8666666666666667,0.8388890277777777,0.8388890277777777,0.8388890277777777,8.974339,True,True,True,True,0.857143,0.6428575,0.857143,0.8666666666666668,VH,28,48,stable_gens_no_improve,150,200,3,0.005,1.0,20,ccc
P9,4,GA_CALIBRADO_CCC,AE_FULL_SURROGATE,11,OK,0.8174605,0.8,0.8029100833333334,0.8029100833333334,0.8029100833333334,9.76151,True,True,True,True,0.857143,0.5000005000000001,0.857143,0.8,VH,34,54,stable_gens_no_improve,150,200,3,0.005,1.0,20,ccc
P9,4,GA_CALIBRADO_CCC,AE_FULL_SURROGATE,12,OK,0.873016,0.8333333333333333,0.839947111111111,0.839947111111111,0.839947111111111,7.097984,True,True,True,True,0.857143,0.6428575,0.9285715,0.8333333333333333,VH,18,38,stable_gens_no_improve,150,200,3,0.005,1.0,20,ccc
P9,4,GA_CALIBRADO_CCC,AE_FULL_SURROGATE,13,OK,0.857143,0.8666666666666667,0.8587302777777778,0.8587302777777778,0.8587302777777778,11.9223,True,True,True,True,0.857143,0.857143,0.857143,0.8666666666666668,VH,43,63,stable_gens_no_improve,150,200,3,0.005,1.0,20,ccc
P9,4,GA_CALIBRADO_CCC,AE_FULL_SURROGATE,14,OK,0.873016,0.8666666666666667,0.867724888888889,0.867724888888889,0.867724888888889,9.223997,True,True,True,True,0.857143,0.6428575,0.9285715,0.8666666666666668,VH,57,77,stable_gens_no_improve,150,200,3,0.005,1.0,20,ccc
P9,4,GA_CALIBRADO_CCC,AE_FULL_SURROGATE,15,OK,0.8333335,0.8333333333333333,0.833333361111111,0.833333361111111,0.833333361111111,3.838361,True,True,True,True,0.857143,0.6428575,0.857143,0.8333333333333333,VH,39,59,stable_gens_no_improve,150,200,3,0.005,1.0,20,ccc
P9,4,GA_CALIBRADO_CCC,AE_FULL_SURROGATE,16,OK,0.809524,0.8333333333333333,0.8134922222222222,0.8134922222222222,0.8134922222222222,3.680235,True,True,True,True,0.857143,0.428572,0.857143,0.8333333333333333,VH,34,54,stable_gens_no_improve,150,200,3,0.005,1.0,20,ccc
P9,4,GA_CALIBRADO_CCC,AE_FULL_SURROGATE,17,OK,0.857143,0.8666666666666667,0.8587302777777778,0.8587302777777778,0.8587302777777778,4.624634,True,True,True,True,0.857143,0.857143,0.857143,0.8666666666666668,VH,46,66,stable_gens_no_improve,150,200,3,0.005,1.0,20,ccc
P9,4,GA_CALIBRADO_CCC,AE_FULL_SURROGATE,18,OK,0.8174605,0.8333333333333333,0.8201059722222221,0.8201059722222221,0.8201059722222221,2.780988,True,True,True,True,0.857143,0.5000005000000001,0.857143,0.8333333333333333,VH,22,42,stable_gens_no_improve,150,200,3,0.005,1.0,20,ccc
P9,4,GA_CALIBRADO_CCC,AE_FULL_SURROGATE,19,OK,0.8333335,0.7999999999999999,0.8055555833333332,0.8055555833333332,0.8055555833333332,3.376193,True,True,True,True,0.857143,0.6428575,0.857143,0.8333333333333333,VH,30,50,stable_gens_no_improve,150,200,3,0.005,1.0,20,ccc
P9,4,GA_CALIBRADO_CCC,AE_FULL_SURROGATE,20,OK,0.8333335,0.7666666666666666,0.7777778055555555,0.7777778055555555,0.7777778055555555,3.434145,True,True,True,True,0.857143,0.6428575,0.857143,0.7333333333333333,H,36,56,stable_gens_no_improve,150,200,3,0.005,1.0,20,ccc
P9,4,GA_CALIBRADO_CCC,AE_FULL_SURROGATE,21,OK,0.857143,0.8666666666666667,0.8587302777777778,0.8587302777777778,0.8587302777777778,2.628476,True,True,True,True,0.857143,0.857143,0.857143,0.8666666666666668,VH,16,36,stable_gens_no_improve,150,200,3,0.005,1.0,20,ccc
P9,4,GA_CALIBRADO_CCC,AE_FULL_SURROGATE,22,OK,0.84127,0.8333333333333333,0.8346561111111109,0.8346561111111109,0.8346561111111109,5.434139,True,True,True,True,0.857143,0.714286,0.857143,0.8333333333333333,VH,54,74,stable_gens_no_improve,150,200,3,0.005,1.0,20,ccc
P9,4,GA_CALIBRADO_CCC,AE_FULL_SURROGATE,23,OK,0.8492065,0.8333333333333333,0.8359788611111111,0.8359788611111111,0.8359788611111111,4.008022,True,True,True,True,0.857143,0.428572,0.9285715,0.8333333333333333,VH,42,62,stable_gens_no_improve,150,200,3,0.005,1.0,20,ccc
P9,4,GA_CALIBRADO_CCC,AE_FULL_SURROGATE,24,OK,0.873016,0.8666666666666667,0.867724888888889,0.867724888888889,0.867724888888889,4.924645,True,True,True,True,0.857143,0.6428575,0.9285715,0.8666666666666668,VH,59,79,stable_gens_no_improve,150,200,3,0.005,1.0,20,ccc
P9,4,GA_CALIBRADO_CCC,AE_FULL_SURROGATE,25,OK,0.809524,0.8333333333333333,0.8134922222222222,0.8134922222222222,0.8134922222222222,3.07487,True,True,True,True,0.857143,0.428572,0.857143,0.8333333333333333,VH,24,44,stable_gens_no_improve,150,200,3,0.005,1.0,20,ccc
P9,4,GA_CALIBRADO_CCC,AE_FULL_SURROGATE,26,OK,0.873016,0.8666666666666667,0.867724888888889,0.867724888888889,0.867724888888889,6.453899,True,True,True,True,0.857143,0.6428575,0.9285715,0.8666666666666668,VH,61,81,stable_gens_no_improve,150,200,3,0.005,1.0,20,ccc
P9,4,GA_CALIBRADO_CCC,AE_FULL_SURROGATE,27,OK,0.857143,0.7333333333333333,0.7539682777777778,0.7539682777777778,0.7539682777777778,3.232411,True,True,True,True,0.857143,0.857143,0.857143,0.7666666666666666,H,27,47,stable_gens_no_improve,150,200,3,0.005,1.0,20,ccc
P9,4,GA_CALIBRADO_CCC,AE_FULL_SURROGATE,28,OK,0.8174605,0.8666666666666667,0.8256615277777778,0.8256615277777778,0.8256615277777778,2.718433,True,True,True,True,0.857143,0.5000005000000001,0.857143,0.8666666666666668,VH,22,42,stable_gens_no_improve,150,200,3,0.005,1.0,20,ccc
P9,4,GA_CALIBRADO_CCC,AE_FULL_SURROGATE,29,OK,0.873016,0.8333333333333333,0.839947111111111,0.839947111111111,0.839947111111111,4.62259,True,True,True,True,0.857143,0.6428575,0.9285715,0.8333333333333333,VH,51,71,stable_gens_no_improve,150,200,3,0.005,1.0,20,ccc
P9,4,GA_CALIBRADO_CCC,AE_FULL_SURROGATE,30,OK,0.8333335,0.7333333333333333,0.7500000277777777,0.7500000277777777,0.7500000277777777,2.930677,True,True,True,True,0.857143,0.6428575,0.857143,0.7666666666666666,H,23,43,stable_gens_no_improve,150,200,3,0.005,1.0,20,ccc
P10,4,GA_CALIBRADO_CCC,AE_FULL_SURROGATE,1,OK,0.8650795,0.8333333333333333,0.838624361111111,0.838624361111111,0.838624361111111,4.39766,True,True,True,True,0.857143,0.9285715,0.857143,0.8333333333333333,VH,51,71,stable_gens_no_improve,150,200,3,0.005,1.0,20,ccc
P10,4,GA_CALIBRADO_CCC,AE_FULL_SURROGATE,2,OK,0.9047620000000001,0.9,0.9007936666666666,0.9007936666666666,0.9007936666666666,3.603024,True,True,True,True,0.857143,0.9285715,0.9285715,0.9,VH,40,60,stable_gens_no_improve,150,200,3,0.005,1.0,20,ccc
P10,4,GA_CALIBRADO_CCC,AE_FULL_SURROGATE,3,OK,0.8650795,0.8,0.8108465833333334,0.8108465833333334,0.8108465833333334,3.145161,True,True,True,True,0.857143,0.9285715,0.857143,0.8,VH,29,49,stable_gens_no_improve,150,200,3,0.005,1.0,20,ccc
P10,4,GA_CALIBRADO_CCC,AE_FULL_SURROGATE,4,OK,0.8650795,0.9,0.8708995833333334,0.8708995833333334,0.8708995833333334,2.61399,True,True,True,True,0.857143,0.9285715,0.857143,0.9,VH,19,39,stable_gens_no_improve,150,200,3,0.005,1.0,20,ccc
P10,4,GA_CALIBRADO_CCC,AE_FULL_SURROGATE,5,OK,0.8650795,0.8333333333333334,0.8386243611111112,0.8386243611111112,0.8386243611111112,3.479255,True,True,True,True,0.857143,0.9285715,0.857143,0.8666666666666668,VH,40,60,stable_gens_no_improve,150,200,3,0.005,1.0,20,ccc
P10,4,GA_CALIBRADO_CCC,AE_FULL_SURROGATE,6,OK,0.8650795,0.8666666666666667,0.8653440277777777,0.8653440277777777,0.8653440277777777,2.456333,True,True,True,True,0.857143,0.9285715,0.857143,0.8666666666666668,VH,17,37,stable_gens_no_improve,150,200,3,0.005,1.0,20,ccc
P10,4,GA_CALIBRADO_CCC,AE_FULL_SURROGATE,7,OK,0.8650795,0.9,0.8708995833333334,0.8708995833333334,0.8708995833333334,2.447184,True,True,True,True,0.857143,0.9285715,0.857143,0.9,VH,17,37,stable_gens_no_improve,150,200,3,0.005,1.0,20,ccc
P10,4,GA_CALIBRADO_CCC,AE_FULL_SURROGATE,8,OK,0.9047620000000001,0.9,0.9007936666666666,0.9007936666666666,0.9007936666666666,4.003551,True,True,True,True,0.857143,0.9285715,0.9285715,0.9,VH,46,66,stable_gens_no_improve,150,200,3,0.005,1.0,20,ccc
P10,4,GA_CALIBRADO_CCC,AE_FULL_SURROGATE,9,OK,0.7380955,0.8666666666666667,0.7595240277777778,0.7595240277777778,0.7595240277777778,8.306946,True,True,True,True,0.857143,0.857143,0.6428575,0.8666666666666668,VH,49,69,stable_gens_no_improve,150,200,3,0.005,1.0,20,ccc
P10,4,GA_CALIBRADO_CCC,AE_FULL_SURROGATE,10,OK,0.8650795,0.7999999999999999,0.8108465833333333,0.8108465833333333,0.8108465833333333,7.345784,True,True,True,True,0.857143,0.9285715,0.857143,0.8333333333333333,VH,21,41,stable_gens_no_improve,150,200,3,0.005,1.0,20,ccc
P10,4,GA_CALIBRADO_CCC,AE_FULL_SURROGATE,11,OK,0.8650795,0.9,0.8708995833333334,0.8708995833333334,0.8708995833333334,9.835833,True,True,True,True,0.857143,0.9285715,0.857143,0.9,VH,32,52,stable_gens_no_improve,150,200,3,0.005,1.0,20,ccc
P10,4,GA_CALIBRADO_CCC,AE_FULL_SURROGATE,12,OK,0.8650795,0.8666666666666667,0.8653440277777777,0.8653440277777777,0.8653440277777777,7.161459,True,True,True,True,0.857143,0.9285715,0.857143,0.8666666666666668,VH,16,36,stable_gens_no_improve,150,200,3,0.005,1.0,20,ccc
P10,4,GA_CALIBRADO_CCC,AE_FULL_SURROGATE,13,OK,0.8650795,0.7999999999999999,0.8108465833333333,0.8108465833333333,0.8108465833333333,9.489788,True,True,True,True,0.857143,0.9285715,0.857143,0.8333333333333333,VH,31,51,stable_gens_no_improve,150,200,3,0.005,1.0,20,ccc
P10,4,GA_CALIBRADO_CCC,AE_FULL_SURROGATE,14,OK,0.8650795,0.7999999999999999,0.8108465833333333,0.8108465833333333,0.8108465833333333,12.328756,True,True,True,True,0.857143,0.9285715,0.857143,0.8333333333333333,VH,41,61,stable_gens_no_improve,150,200,3,0.005,1.0,20,ccc
P10,4,GA_CALIBRADO_CCC,AE_FULL_SURROGATE,15,OK,0.8650795,0.9,0.8708995833333334,0.8708995833333334,0.8708995833333334,7.904858,True,True,True,True,0.857143,0.9285715,0.857143,0.9,VH,16,36,stable_gens_no_improve,150,200,3,0.005,1.0,20,ccc
P10,4,GA_CALIBRADO_CCC,AE_FULL_SURROGATE,16,OK,0.8650795,0.9,0.8708995833333334,0.8708995833333334,0.8708995833333334,10.25842,True,True,True,True,0.857143,0.9285715,0.857143,0.9,VH,31,51,stable_gens_no_improve,150,200,3,0.005,1.0,20,ccc
P10,4,GA_CALIBRADO_CCC,AE_FULL_SURROGATE,17,OK,0.8650795,0.7666666666666666,0.7830688055555556,0.7830688055555556,0.7830688055555556,8.412266,True,True,True,True,0.857143,0.9285715,0.857143,0.7666666666666666,H,21,41,stable_gens_no_improve,150,200,3,0.005,1.0,20,ccc
P10,4,GA_CALIBRADO_CCC,AE_FULL_SURROGATE,18,OK,0.8650795,0.8666666666666667,0.8653440277777777,0.8653440277777777,0.8653440277777777,9.78704,True,True,True,True,0.857143,0.9285715,0.857143,0.8666666666666668,VH,32,52,stable_gens_no_improve,150,200,3,0.005,1.0,20,ccc
P10,4,GA_CALIBRADO_CCC,AE_FULL_SURROGATE,19,OK,0.9047620000000001,0.7999999999999999,0.8174603333333333,0.8174603333333333,0.8174603333333333,9.60111,True,True,True,True,0.857143,0.9285715,0.9285715,0.8333333333333333,VH,31,51,stable_gens_no_improve,150,200,3,0.005,1.0,20,ccc
P10,4,GA_CALIBRADO_CCC,AE_FULL_SURROGATE,20,OK,0.8650795,0.9,0.8708995833333334,0.8708995833333334,0.8708995833333334,10.585777,True,True,True,True,0.857143,0.9285715,0.857143,0.9,VH,36,56,stable_gens_no_improve,150,200,3,0.005,1.0,20,ccc
P10,4,GA_CALIBRADO_CCC,AE_FULL_SURROGATE,21,OK,0.9047620000000001,0.9,0.9007936666666666,0.9007936666666666,0.9007936666666666,7.299392,True,True,True,True,0.857143,0.9285715,0.9285715,0.9,VH,18,38,stable_gens_no_improve,150,200,3,0.005,1.0,20,ccc
P10,4,GA_CALIBRADO_CCC,AE_FULL_SURROGATE,22,OK,0.8650795,0.8,0.8108465833333334,0.8108465833333334,0.8108465833333334,8.827725,True,True,True,True,0.857143,0.9285715,0.857143,0.8,VH,26,46,stable_gens_no_improve,150,200,3,0.005,1.0,20,ccc
P10,4,GA_CALIBRADO_CCC,AE_FULL_SURROGATE,23,OK,0.8650795,0.8,0.8108465833333334,0.8108465833333334,0.8108465833333334,8.148952,True,True,True,True,0.857143,0.9285715,0.857143,0.8,VH,21,41,stable_gens_no_improve,150,200,3,0.005,1.0,20,ccc
P10,4,GA_CALIBRADO_CCC,AE_FULL_SURROGATE,24,OK,0.7857145,0.7666666666666666,0.7698413055555555,0.7698413055555555,0.7698413055555555,5.12896,True,True,True,True,0.857143,0.9285715,0.714286,0.8,VH,7,27,stable_gens_no_improve,150,200,3,0.005,1.0,20,ccc
P10,4,GA_CALIBRADO_CCC,AE_FULL_SURROGATE,25,OK,0.8650795,0.8666666666666667,0.8653440277777777,0.8653440277777777,0.8653440277777777,3.452037,True,True,True,True,0.857143,0.9285715,0.857143,0.8666666666666668,VH,17,37,stable_gens_no_improve,150,200,3,0.005,1.0,20,ccc
P10,4,GA_CALIBRADO_CCC,AE_FULL_SURROGATE,26,OK,0.7857145,0.7999999999999999,0.7880954166666667,0.7880954166666667,0.7880954166666667,8.797994,True,True,True,True,0.857143,0.9285715,0.714286,0.8333333333333333,VH,46,66,stable_gens_no_improve,150,200,3,0.005,1.0,20,ccc
P10,4,GA_CALIBRADO_CCC,AE_FULL_SURROGATE,27,OK,0.8650795,0.8333333333333333,0.838624361111111,0.838624361111111,0.838624361111111,8.190696,True,True,True,True,0.857143,0.9285715,0.857143,0.8333333333333333,VH,21,41,stable_gens_no_improve,150,200,3,0.005,1.0,20,ccc
P10,4,GA_CALIBRADO_CCC,AE_FULL_SURROGATE,28,OK,0.8650795,0.9,0.8708995833333334,0.8708995833333334,0.8708995833333334,10.00804,True,True,True,True,0.857143,0.9285715,0.857143,0.9,VH,33,53,stable_gens_no_improve,150,200,3,0.005,1.0,20,ccc
P10,4,GA_CALIBRADO_CCC,AE_FULL_SURROGATE,29,OK,0.8650795,0.9,0.8708995833333334,0.8708995833333334,0.8708995833333334,5.636606,True,True,True,True,0.857143,0.9285715,0.857143,0.9,VH,21,41,stable_gens_no_improve,150,200,3,0.005,1.0,20,ccc
P10,4,GA_CALIBRADO_CCC,AE_FULL_SURROGATE,30,OK,0.7857145,0.7999999999999999,0.7880954166666667,0.7880954166666667,0.7880954166666667,2.91117,True,True,True,True,0.857143,0.9285715,0.714286,0.8333333333333333,VH,20,40,stable_gens_no_improve,150,200,3,0.005,1.0,20,ccc
P11,4,GA_CALIBRADO_CCC,AE_FULL_SURROGATE,1,OK,0.8650795,0.7666666666666666,0.7830688055555556,0.7830688055555556,0.7830688055555556,4.417403,True,True,True,True,0.857143,0.9285715,0.857143,0.7333333333333333,H,50,70,stable_gens_no_improve,150,200,3,0.005,1.0,20,ccc
P11,4,GA_CALIBRADO_CCC,AE_FULL_SURROGATE,2,OK,0.7222225,0.7666666666666666,0.729629861111111,0.729629861111111,0.729629861111111,4.483128,True,True,True,True,0.857143,0.714286,0.6428575,0.8,VH,49,69,stable_gens_no_improve,150,200,3,0.005,1.0,20,ccc
P11,4,GA_CALIBRADO_CCC,AE_FULL_SURROGATE,3,OK,0.7222225,0.7333333333333334,0.7240743055555555,0.7240743055555555,0.7240743055555555,1.795826,True,True,True,True,0.857143,0.714286,0.6428575,0.7000000000000001,H,8,28,stable_gens_no_improve,150,200,3,0.005,1.0,20,ccc
P11,4,GA_CALIBRADO_CCC,AE_FULL_SURROGATE,4,OK,0.8333335,0.7999999999999999,0.8055555833333332,0.8055555833333332,0.8055555833333332,4.903909,True,True,True,True,0.857143,0.6428575,0.857143,0.8333333333333333,VH,59,79,stable_gens_no_improve,150,200,3,0.005,1.0,20,ccc
P11,4,GA_CALIBRADO_CCC,AE_FULL_SURROGATE,5,OK,0.8333335,0.7,0.7222222500000001,0.7222222500000001,0.7222222500000001,2.524336,True,True,True,True,0.857143,0.6428575,0.857143,0.6333333333333333,H,19,39,stable_gens_no_improve,150,200,3,0.005,1.0,20,ccc
P11,4,GA_CALIBRADO_CCC,AE_FULL_SURROGATE,6,OK,0.8650795,0.6333333333333333,0.6719576944444444,0.6719576944444444,0.6719576944444444,2.791595,True,True,True,True,0.857143,0.9285715,0.857143,0.6333333333333335,H,24,44,stable_gens_no_improve,150,200,3,0.005,1.0,20,ccc
P11,4,GA_CALIBRADO_CCC,AE_FULL_SURROGATE,7,OK,0.8650795,0.6333333333333333,0.6719576944444444,0.6719576944444444,0.6719576944444444,2.869254,True,True,True,True,0.857143,0.9285715,0.857143,0.7333333333333336,H,26,46,stable_gens_no_improve,150,200,3,0.005,1.0,20,ccc
P11,4,GA_CALIBRADO_CCC,AE_FULL_SURROGATE,8,OK,0.8333335,0.7,0.7222222500000001,0.7222222500000001,0.7222222500000001,3.486207,True,True,True,True,0.857143,0.6428575,0.857143,0.7666666666666666,H,37,57,stable_gens_no_improve,150,200,3,0.005,1.0,20,ccc
P11,4,GA_CALIBRADO_CCC,AE_FULL_SURROGATE,9,OK,0.746032,0.8666666666666667,0.7661377777777778,0.7661377777777778,0.7661377777777778,2.296392,True,True,True,True,0.857143,0.9285715,0.6428575,0.8666666666666668,VH,14,34,stable_gens_no_improve,150,200,3,0.005,1.0,20,ccc
P11,4,GA_CALIBRADO_CCC,AE_FULL_SURROGATE,10,OK,0.7539684999999999,0.7666666666666667,0.7560848611111112,0.7560848611111112,0.7560848611111112,4.566962,True,True,True,True,0.857143,1.0,0.6428575,0.7666666666666668,H,63,83,stable_gens_no_improve,150,200,3,0.005,1.0,20,ccc
P11,4,GA_CALIBRADO_CCC,AE_FULL_SURROGATE,11,OK,0.8650795,0.7666666666666666,0.7830688055555556,0.7830688055555556,0.7830688055555556,3.112124,True,True,True,True,0.857143,0.9285715,0.857143,0.7333333333333333,H,29,49,stable_gens_no_improve,150,200,3,0.005,1.0,20,ccc
P11,4,GA_CALIBRADO_CCC,AE_FULL_SURROGATE,12,OK,0.8650795,0.7333333333333333,0.7552910277777777,0.7552910277777777,0.7552910277777777,2.825474,True,True,True,True,0.857143,0.9285715,0.857143,0.7333333333333333,H,23,43,stable_gens_no_improve,150,200,3,0.005,1.0,20,ccc
P11,4,GA_CALIBRADO_CCC,AE_FULL_SURROGATE,13,OK,0.746032,0.8666666666666667,0.7661377777777778,0.7661377777777778,0.7661377777777778,2.310876,True,True,True,True,0.857143,0.9285715,0.6428575,0.8666666666666668,VH,16,36,stable_gens_no_improve,150,200,3,0.005,1.0,20,ccc
P11,4,GA_CALIBRADO_CCC,AE_FULL_SURROGATE,14,OK,0.84127,0.8333333333333334,0.8346561111111112,0.8346561111111112,0.8346561111111112,2.786776,True,True,True,True,0.857143,0.714286,0.857143,0.8666666666666668,VH,22,42,stable_gens_no_improve,150,200,3,0.005,1.0,20,ccc
P11,4,GA_CALIBRADO_CCC,AE_FULL_SURROGATE,15,OK,0.7222225,0.9,0.7518520833333334,0.7518520833333334,0.7518520833333334,3.963098,True,True,True,True,0.857143,0.714286,0.6428575,0.9,VH,41,61,stable_gens_no_improve,150,200,3,0.005,1.0,20,ccc
P11,4,GA_CALIBRADO_CCC,AE_FULL_SURROGATE,16,OK,0.8650795,0.7666666666666666,0.7830688055555556,0.7830688055555556,0.7830688055555556,3.399322,True,True,True,True,0.857143,0.9285715,0.857143,0.7333333333333333,H,35,55,stable_gens_no_improve,150,200,3,0.005,1.0,20,ccc
P11,4,GA_CALIBRADO_CCC,AE_FULL_SURROGATE,17,OK,0.84127,0.6666666666666666,0.6957672222222221,0.6957672222222221,0.6957672222222221,2.532982,True,True,True,True,0.857143,0.714286,0.857143,0.6333333333333333,H,19,39,stable_gens_no_improve,150,200,3,0.005,1.0,20,ccc
P11,4,GA_CALIBRADO_CCC,AE_FULL_SURROGATE,18,OK,0.7222225,0.7666666666666666,0.729629861111111,0.729629861111111,0.729629861111111,3.123048,True,True,True,True,0.857143,0.714286,0.6428575,0.8,VH,29,49,stable_gens_no_improve,150,200,3,0.005,1.0,20,ccc
P11,4,GA_CALIBRADO_CCC,AE_FULL_SURROGATE,19,OK,0.746032,0.7666666666666666,0.7494711111111112,0.7494711111111112,0.7494711111111112,3.203635,True,True,True,True,0.857143,0.9285715,0.6428575,0.8,VH,32,52,stable_gens_no_improve,150,200,3,0.005,1.0,20,ccc
P11,4,GA_CALIBRADO_CCC,AE_FULL_SURROGATE,20,OK,0.84127,0.7999999999999999,0.8068783333333333,0.8068783333333333,0.8068783333333333,3.797282,True,True,True,True,0.857143,0.714286,0.857143,0.8333333333333333,VH,43,63,stable_gens_no_improve,150,200,3,0.005,1.0,20,ccc
P11,4,GA_CALIBRADO_CCC,AE_FULL_SURROGATE,21,OK,0.8650795,0.7666666666666666,0.7830688055555556,0.7830688055555556,0.7830688055555556,2.788925,True,True,True,True,0.857143,0.9285715,0.857143,0.8333333333333333,VH,22,42,stable_gens_no_improve,150,200,3,0.005,1.0,20,ccc
P11,4,GA_CALIBRADO_CCC,AE_FULL_SURROGATE,22,OK,0.7222225,0.9,0.7518520833333334,0.7518520833333334,0.7518520833333334,3.316216,True,True,True,True,0.857143,0.714286,0.6428575,0.9,VH,32,52,stable_gens_no_improve,150,200,3,0.005,1.0,20,ccc
P11,4,GA_CALIBRADO_CCC,AE_FULL_SURROGATE,23,OK,0.7222225,0.9,0.7518520833333334,0.7518520833333334,0.7518520833333334,3.744713,True,True,True,True,0.857143,0.714286,0.6428575,0.9,VH,37,57,stable_gens_no_improve,150,200,3,0.005,1.0,20,ccc
P11,4,GA_CALIBRADO_CCC,AE_FULL_SURROGATE,24,OK,0.8650795,0.7666666666666666,0.7830688055555556,0.7830688055555556,0.7830688055555556,3.99721,True,True,True,True,0.857143,0.9285715,0.857143,0.8333333333333333,VH,42,62,stable_gens_no_improve,150,200,3,0.005,1.0,20,ccc
P11,4,GA_CALIBRADO_CCC,AE_FULL_SURROGATE,25,OK,0.8333335,0.6333333333333333,0.6666666944444444,0.6666666944444444,0.6666666944444444,4.200236,True,True,True,True,0.857143,0.6428575,0.857143,0.6,M,50,70,stable_gens_no_improve,150,200,3,0.005,1.0,20,ccc
P11,4,GA_CALIBRADO_CCC,AE_FULL_SURROGATE,26,OK,0.84127,0.7,0.723545,0.723545,0.723545,6.620812,True,True,True,True,0.857143,0.714286,0.857143,0.6333333333333333,H,52,72,stable_gens_no_improve,150,200,3,0.005,1.0,20,ccc
P11,4,GA_CALIBRADO_CCC,AE_FULL_SURROGATE,27,OK,0.84127,0.7666666666666666,0.7791005555555555,0.7791005555555555,0.7791005555555555,11.13114,True,True,True,True,0.857143,0.714286,0.857143,0.8,VH,40,60,stable_gens_no_improve,150,200,3,0.005,1.0,20,ccc
P11,4,GA_CALIBRADO_CCC,AE_FULL_SURROGATE,28,OK,0.8650795,0.7666666666666666,0.7830688055555556,0.7830688055555556,0.7830688055555556,14.374164,True,True,True,True,0.857143,0.9285715,0.857143,0.7333333333333333,H,60,80,stable_gens_no_improve,150,200,3,0.005,1.0,20,ccc
P11,4,GA_CALIBRADO_CCC,AE_FULL_SURROGATE,29,OK,0.7539684999999999,0.7666666666666667,0.7560848611111112,0.7560848611111112,0.7560848611111112,8.890742,True,True,True,True,0.857143,1.0,0.6428575,0.7666666666666668,H,41,61,stable_gens_no_improve,150,200,3,0.005,1.0,20,ccc
P11,4,GA_CALIBRADO_CCC,AE_FULL_SURROGATE,30,OK,0.8492065,0.7333333333333334,0.7526455277777778,0.7526455277777778,0.7526455277777778,4.058146,True,True,True,True,0.857143,0.7857145,0.857143,0.8,VH,25,45,stable_gens_no_improve,150,200,3,0.005,1.0,20,ccc
P12,4,GA_CALIBRADO_CCC,AE_FULL_SURROGATE,1,OK,0.873016,0.8333333333333333,0.839947111111111,0.839947111111111,0.839947111111111,4.669239,True,True,True,True,0.857143,0.6428575,0.9285715,0.8333333333333333,VH,32,52,stable_gens_no_improve,150,200,3,0.005,1.0,20,ccc
P12,4,GA_CALIBRADO_CCC,AE_FULL_SURROGATE,2,OK,0.809524,0.7666666666666666,0.7738095555555554,0.7738095555555554,0.7738095555555554,7.093952,True,True,True,True,0.857143,0.428572,0.857143,0.8333333333333333,VH,20,40,stable_gens_no_improve,150,200,3,0.005,1.0,20,ccc
P12,4,GA_CALIBRADO_CCC,AE_FULL_SURROGATE,3,OK,0.857143,0.8,0.8095238333333333,0.8095238333333333,0.8095238333333333,7.832436,True,True,True,True,0.857143,0.857143,0.857143,0.8,VH,26,46,stable_gens_no_improve,150,200,3,0.005,1.0,20,ccc
P12,4,GA_CALIBRADO_CCC,AE_FULL_SURROGATE,4,OK,0.809524,0.8,0.8015873333333333,0.8015873333333333,0.8015873333333333,11.029893,True,True,True,True,0.857143,0.428572,0.857143,0.8,VH,36,56,stable_gens_no_improve,150,200,3,0.005,1.0,20,ccc
P12,4,GA_CALIBRADO_CCC,AE_FULL_SURROGATE,5,OK,0.857143,0.8,0.8095238333333333,0.8095238333333333,0.8095238333333333,7.955171,True,True,True,True,0.857143,0.857143,0.857143,0.8,VH,21,41,stable_gens_no_improve,150,200,3,0.005,1.0,20,ccc
P12,4,GA_CALIBRADO_CCC,AE_FULL_SURROGATE,6,OK,0.857143,0.8,0.8095238333333333,0.8095238333333333,0.8095238333333333,13.944781,True,True,True,True,0.857143,0.857143,0.857143,0.8,VH,57,77,stable_gens_no_improve,150,200,3,0.005,1.0,20,ccc
P12,4,GA_CALIBRADO_CCC,AE_FULL_SURROGATE,7,OK,0.857143,0.8,0.8095238333333333,0.8095238333333333,0.8095238333333333,11.396749,True,True,True,True,0.857143,0.857143,0.857143,0.8,VH,42,62,stable_gens_no_improve,150,200,3,0.005,1.0,20,ccc
P12,4,GA_CALIBRADO_CCC,AE_FULL_SURROGATE,8,OK,0.857143,0.8,0.8095238333333333,0.8095238333333333,0.8095238333333333,9.257675,True,True,True,True,0.857143,0.857143,0.857143,0.8,VH,26,46,stable_gens_no_improve,150,200,3,0.005,1.0,20,ccc
P12,4,GA_CALIBRADO_CCC,AE_FULL_SURROGATE,9,OK,0.857143,0.7333333333333334,0.7539682777777778,0.7539682777777778,0.7539682777777778,17.110668,True,True,True,True,0.857143,0.857143,0.857143,0.8,VH,72,92,stable_gens_no_improve,150,200,3,0.005,1.0,20,ccc
P12,4,GA_CALIBRADO_CCC,AE_FULL_SURROGATE,10,OK,0.873016,0.7666666666666666,0.7843915555555555,0.7843915555555555,0.7843915555555555,11.194117,True,True,True,True,0.857143,0.6428575,0.9285715,0.8,VH,47,67,stable_gens_no_improve,150,200,3,0.005,1.0,20,ccc
P12,4,GA_CALIBRADO_CCC,AE_FULL_SURROGATE,11,OK,0.8174605,0.7666666666666666,0.7751323055555556,0.7751323055555556,0.7751323055555556,8.065131,True,True,True,True,0.6428575,0.428572,1.0,0.8,VH,25,45,stable_gens_no_improve,150,200,3,0.005,1.0,20,ccc
P12,4,GA_CALIBRADO_CCC,AE_FULL_SURROGATE,12,OK,0.873016,0.8333333333333333,0.839947111111111,0.839947111111111,0.839947111111111,13.984794,True,True,True,True,0.857143,0.6428575,0.9285715,0.8333333333333333,VH,58,78,stable_gens_no_improve,150,200,3,0.005,1.0,20,ccc
P12,4,GA_CALIBRADO_CCC,AE_FULL_SURROGATE,13,OK,0.9444444999999999,0.7333333333333334,0.7685185277777778,0.7685185277777778,0.7685185277777778,14.993535,True,True,True,True,1.0,0.857143,0.9285715,0.8,VH,63,83,stable_gens_no_improve,150,200,3,0.005,1.0,20,ccc
P12,4,GA_CALIBRADO_CCC,AE_FULL_SURROGATE,14,OK,0.857143,0.8,0.8095238333333333,0.8095238333333333,0.8095238333333333,10.194265,True,True,True,True,0.857143,0.857143,0.857143,0.8,VH,36,56,stable_gens_no_improve,150,200,3,0.005,1.0,20,ccc
P12,4,GA_CALIBRADO_CCC,AE_FULL_SURROGATE,15,OK,0.857143,0.7999999999999999,0.8095238333333333,0.8095238333333333,0.8095238333333333,10.463449,True,True,True,True,0.857143,0.857143,0.857143,0.8333333333333333,VH,39,59,stable_gens_no_improve,150,200,3,0.005,1.0,20,ccc
P12,4,GA_CALIBRADO_CCC,AE_FULL_SURROGATE,16,OK,0.8333335,0.8,0.8055555833333333,0.8055555833333333,0.8055555833333333,11.547919,True,True,True,True,0.857143,0.6428575,0.857143,0.8,VH,46,66,stable_gens_no_improve,150,200,3,0.005,1.0,20,ccc
P12,4,GA_CALIBRADO_CCC,AE_FULL_SURROGATE,17,OK,0.857143,0.7999999999999999,0.8095238333333333,0.8095238333333333,0.8095238333333333,10.392198,True,True,True,True,0.857143,0.857143,0.857143,0.8333333333333333,VH,36,56,stable_gens_no_improve,150,200,3,0.005,1.0,20,ccc
P12,4,GA_CALIBRADO_CCC,AE_FULL_SURROGATE,18,OK,0.873016,0.8333333333333333,0.839947111111111,0.839947111111111,0.839947111111111,8.031466,True,True,True,True,0.857143,0.6428575,0.9285715,0.8333333333333333,VH,24,44,stable_gens_no_improve,150,200,3,0.005,1.0,20,ccc
P12,4,GA_CALIBRADO_CCC,AE_FULL_SURROGATE,19,OK,0.7619049999999999,0.7333333333333333,0.7380952777777777,0.7380952777777777,0.7380952777777777,8.002133,True,True,True,True,0.6428575,0.6428575,0.857143,0.7333333333333333,H,25,45,stable_gens_no_improve,150,200,3,0.005,1.0,20,ccc
P12,4,GA_CALIBRADO_CCC,AE_FULL_SURROGATE,20,OK,0.7380955,0.8,0.7484129166666666,0.7484129166666666,0.7484129166666666,8.552822,True,True,True,True,0.6428575,0.428572,0.857143,0.8,VH,24,44,stable_gens_no_improve,150,200,3,0.005,1.0,20,ccc
P12,4,GA_CALIBRADO_CCC,AE_FULL_SURROGATE,21,OK,0.7777780000000001,0.7333333333333334,0.7407407777777779,0.7407407777777779,0.7407407777777779,9.50115,True,True,True,True,0.6428575,0.428572,0.9285715,0.8,VH,30,50,stable_gens_no_improve,150,200,3,0.005,1.0,20,ccc
P12,4,GA_CALIBRADO_CCC,AE_FULL_SURROGATE,22,OK,0.857143,0.8,0.8095238333333333,0.8095238333333333,0.8095238333333333,15.308165,True,True,True,True,0.857143,0.857143,0.857143,0.8,VH,46,66,stable_gens_no_improve,150,200,3,0.005,1.0,20,ccc
P12,4,GA_CALIBRADO_CCC,AE_FULL_SURROGATE,23,OK,0.9126985,0.7666666666666666,0.7910053055555556,0.7910053055555556,0.7910053055555556,15.654693,True,True,True,True,0.857143,0.6428575,1.0,0.8,VH,41,61,stable_gens_no_improve,150,200,3,0.005,1.0,20,ccc
P12,4,GA_CALIBRADO_CCC,AE_FULL_SURROGATE,24,OK,0.857143,0.7999999999999999,0.8095238333333333,0.8095238333333333,0.8095238333333333,10.038129,True,True,True,True,0.857143,0.857143,0.857143,0.8333333333333333,VH,35,55,stable_gens_no_improve,150,200,3,0.005,1.0,20,ccc
P12,4,GA_CALIBRADO_CCC,AE_FULL_SURROGATE,25,OK,0.857143,0.8,0.8095238333333333,0.8095238333333333,0.8095238333333333,8.951537,True,True,True,True,0.857143,0.857143,0.857143,0.8,VH,27,47,stable_gens_no_improve,150,200,3,0.005,1.0,20,ccc
P12,4,GA_CALIBRADO_CCC,AE_FULL_SURROGATE,26,OK,0.857143,0.8,0.8095238333333333,0.8095238333333333,0.8095238333333333,15.147966,True,True,True,True,0.857143,0.857143,0.857143,0.8,VH,59,79,stable_gens_no_improve,150,200,3,0.005,1.0,20,ccc
P12,4,GA_CALIBRADO_CCC,AE_FULL_SURROGATE,27,OK,0.857143,0.7666666666666666,0.7817460555555554,0.7817460555555554,0.7817460555555554,6.575195,True,True,True,True,0.857143,0.857143,0.857143,0.7666666666666666,H,14,34,stable_gens_no_improve,150,200,3,0.005,1.0,20,ccc
P12,4,GA_CALIBRADO_CCC,AE_FULL_SURROGATE,28,OK,0.873016,0.7666666666666666,0.7843915555555555,0.7843915555555555,0.7843915555555555,6.668926,True,True,True,True,0.857143,0.6428575,0.9285715,0.7666666666666666,H,14,34,stable_gens_no_improve,150,200,3,0.005,1.0,20,ccc
P12,4,GA_CALIBRADO_CCC,AE_FULL_SURROGATE,29,OK,0.857143,0.7999999999999999,0.8095238333333333,0.8095238333333333,0.8095238333333333,8.844715,True,True,True,True,0.857143,0.857143,0.857143,0.8333333333333333,VH,25,45,stable_gens_no_improve,150,200,3,0.005,1.0,20,ccc
P12,4,GA_CALIBRADO_CCC,AE_FULL_SURROGATE,30,OK,0.873016,0.7999999999999999,0.8121693333333333,0.8121693333333333,0.8121693333333333,9.626512,True,True,True,True,0.857143,0.6428575,0.9285715,0.8333333333333333,VH,33,53,stable_gens_no_improve,150,200,3,0.005,1.0,20,ccc
