project_id,team_size_k,ilp_status,ilp_AE,ilp_AT,ilp_AC,ilp_time_s,ilp_mip_gap_pct,ga_best_AE,ga_best_AT,ga_best_AC,ga_best_seed,ga_total_time_30_runs_s,ga_mean_time_per_run_s,ga_n_runs,AE_difference_ILP_minus_GA,gap_pct,winner_quality
P1,5,Optimal,0.798095,0.785715,0.86,90.87,0.0,0.79809537,0.78571444,0.86,1,211.165026,7.038834,30,-3.7e-07,0.0,TIE
P10,5,Optimal,0.8709,0.86508,0.9,192.13,0.0,0.86756625,0.8650795,0.88,1,107.139318,3.571311,30,0.00333375,0.382794,ILP
P11,5,Optimal,0.844392,0.84127,0.86,41.62,0.0,0.84439167,0.84127,0.86,30,123.139611,4.104654,30,3.3e-07,3.9e-05,TIE
P12,5,Optimal,0.87418,0.873016,0.88,116.79,0.0,0.87418,0.873016,0.88,1,128.512631,4.283754,30,0.0,0.0,TIE
P2,5,Optimal,0.857619,0.857143,0.86,122.01,0.0,0.85761917,0.857143,0.86,3,159.597264,5.319909,30,-1.7e-07,0.0,TIE
P3,5,Optimal,0.821217,0.81746,0.84,369.12,0.0,0.82121708,0.8174605,0.84,1,160.247818,5.341594,30,-8e-08,0.0,TIE
P4,5,Optimal,0.864286,0.857143,0.9,68.6,0.0061,0.84417992,0.8650795,0.84,7,157.848534,5.261618,30,0.02010608,2.326323,ILP
P5,5,Optimal,0.849471,0.896825,0.84,102.96,0.0,0.8208995,0.825397,0.82,3,134.610414,4.487014,30,0.0285715,3.363446,ILP
P6,5,Optimal,0.772222,0.833333,0.76,418.07,0.0,0.77222225,0.8333335,0.76,4,120.285534,4.009518,30,-2.5e-07,0.0,TIE
P7,5,Optimal,0.8709,0.865079,0.9,290.95,0.0,0.86084658,0.8650795,0.86,16,118.473056,3.949102,30,0.01005342,1.154371,ILP
P8,5,Optimal,0.862169,0.873016,0.86,89.27,0.0,0.86216933,0.873016,0.86,1,131.459237,4.381975,30,-3.3e-07,0.0,TIE
P9,5,Optimal,0.862169,0.873016,0.86,116.53,0.0,0.86216933,0.873016,0.86,2,118.596592,3.95322,30,-3.3e-07,0.0,TIE
P1,6,Optimal,0.795873,0.785714,0.846667,104.97,0.0,0.79587315,0.78571444,0.84666667,3,152.323928,5.077464,30,-1.5e-07,0.0,TIE
P10,6,Optimal,0.866455,0.865079,0.873333,931.67,0.0,0.86645514,0.8650795,0.87333333,3,131.908843,4.396961,30,-1.4e-07,0.0,TIE
P11,6,Optimal,0.846614,0.84127,0.873333,41.17,0.0,0.84216944,0.84127,0.84666667,2,138.059422,4.601981,30,0.00444456,0.524981,ILP
P12,6,Optimal,0.862169,0.873016,0.86,170.68,0.0,0.86216933,0.873016,0.86,15,130.068858,4.335629,30,-3.3e-07,0.0,TIE
P2,6,Optimal,0.859841,0.857143,0.873333,130.88,0.0,0.85984139,0.857143,0.87333333,3,146.038631,4.867954,30,-3.9e-07,0.0,TIE
P3,6,Optimal,0.820106,0.817461,0.833333,517.92,0.0,0.82010597,0.8174605,0.83333333,5,133.792344,4.459745,30,3e-08,4e-06,TIE
P4,6,Optimal,0.859841,0.857143,0.873333,59.38,0.0006,0.83862436,0.8650795,0.83333333,4,127.116027,4.237201,30,0.02121664,2.467507,ILP
P5,6,Optimal,0.855027,0.896825,0.846667,51.8,0.0067,0.83280425,0.8968255,0.82,1,142.03898,4.734633,30,0.02222275,2.59907,ILP
P6,6,Optimal,0.777778,0.833333,0.766667,260.48,0.0,0.77777781,0.8333335,0.76666667,17,155.899282,5.196643,30,1.9e-07,2.4e-05,TIE
P7,6,Optimal,0.866455,0.865079,0.873333,908.98,0.0,0.85488106,0.85119061,0.87333333,1,134.14028,4.471343,30,0.01157394,1.335781,ILP
P8,6,Optimal,0.873069,0.873016,0.873333,130.18,0.0,0.87306889,0.873016,0.87333333,4,131.535231,4.384508,30,1.1e-07,1.3e-05,TIE
P9,6,Optimal,0.851059,0.873016,0.846667,319.76,0.0,0.85105822,0.873016,0.84666667,1,139.466266,4.648876,30,7.8e-07,9.2e-05,TIE
P1,7,Optimal,0.793651,0.785714,0.833333,66.44,0.0,0.79365093,0.78571444,0.83333333,1,180.410984,6.013699,30,7e-08,9e-06,TIE
P10,7,Optimal,0.846561,0.865079,0.842857,1125.77,0.0,0.84656087,0.8650795,0.84285714,7,144.071137,4.802371,30,1.3e-07,1.5e-05,TIE
P11,7,Optimal,0.834656,0.84127,0.833333,45.4,0.0,0.80158733,0.8333335,0.7952381,30,147.559093,4.918636,30,0.03306867,3.961952,ILP
P12,7,Optimal,0.839947,0.873016,0.833333,746.07,0.0,0.83994711,0.873016,0.83333333,5,166.607172,5.553572,30,-1.1e-07,0.0,TIE
P2,7,Optimal,0.837301,0.857143,0.833333,230.74,0.0,0.83730161,0.857143,0.83333333,10,153.168788,5.105626,30,-6.1e-07,0.0,TIE
P3,7,Optimal,0.818519,0.81746,0.82381,683.13,0.0,0.81851867,0.8174605,0.82380952,8,149.657977,4.988599,30,3.3e-07,4e-05,TIE
P4,7,Optimal,0.837301,0.857143,0.833333,54.18,0.0,0.8293651,0.857143,0.82380952,5,143.930665,4.797689,30,0.0079359,0.947795,ILP
P5,7,Optimal,0.843915,0.896825,0.833333,59.64,0.0,0.8187831,0.84127,0.81428571,4,175.104853,5.836828,30,0.0251319,2.978013,ILP
P6,7,Optimal,0.783068,0.817461,0.77619,330.57,0.0,0.78306881,0.8174605,0.77619048,2,168.06925,5.602308,30,-8.1e-07,0.0,TIE
P7,7,Optimal,0.844246,0.851191,0.842857,996.62,0.0,0.84424605,0.85119061,0.84285714,4,142.953605,4.76512,30,-5e-08,0.0,TIE
P8,7,Optimal,0.838624,0.865079,0.833333,154.48,0.0,0.83862436,0.8650795,0.83333333,3,150.910838,5.030361,30,-3.6e-07,0.0,TIE
P9,7,Optimal,0.841534,0.84127,0.842857,738.46,0.0,0.84153452,0.84127,0.84285714,28,163.706627,5.456888,30,-5.2e-07,0.0,TIE
P1,8,Optimal,0.790477,0.785715,0.814286,60.74,0.0,0.79047632,0.78571444,0.81428571,8,171.933922,5.731131,30,6.8e-07,8.6e-05,TIE
P10,8,Optimal,0.834656,0.865079,0.828571,1454.85,0.0,0.83465611,0.8650795,0.82857143,3,153.442679,5.114756,30,-1.1e-07,0.0,TIE
P11,8,Optimal,0.800926,0.84127,0.792857,43.62,0.0,0.80092595,0.84127,0.79285714,20,176.324062,5.877469,30,5e-08,6e-06,TIE
P12,8,Optimal,0.824074,0.873016,0.814286,1280.24,0.0,0.8240741,0.873016,0.81428571,5,175.089596,5.83632,30,-1e-07,0.0,TIE
P2,8,Optimal,0.803571,0.857143,0.792857,478.3,0.0,0.80357145,0.857143,0.79285714,3,188.377238,6.279241,30,-4.5e-07,0.0,TIE
P3,8,Optimal,0.814815,0.81746,0.814286,978.89,0.0,0.81481485,0.8174605,0.81428571,23,163.109695,5.43699,30,1.5e-07,1.8e-05,TIE
P4,8,Optimal,0.815476,0.857143,0.807143,53.53,0.0,0.81547621,0.857143,0.80714286,14,152.480794,5.082693,30,-2.1e-07,0.0,TIE
P5,8,Optimal,0.812831,0.84127,0.807143,52.38,0.0,0.81283071,0.84127,0.80714286,1,171.762547,5.725418,30,2.9e-07,3.6e-05,TIE
P6,8,Optimal,0.791005,0.817461,0.785714,384.06,0.0,0.79100532,0.8174605,0.78571429,7,188.728393,6.290946,30,-3.2e-07,0.0,TIE
P7,8,Optimal,0.832341,0.851191,0.828571,1166.38,0.0,0.83234129,0.85119061,0.82857143,4,192.025751,6.400858,30,-2.9e-07,0.0,TIE
P8,8,Optimal,0.804894,0.86508,0.792857,549.35,0.0,0.8048942,0.8650795,0.79285714,8,457.017591,15.23392,30,-2e-07,0.0,TIE
P9,8,Optimal,0.834921,0.833334,0.842857,1297.69,0.0,0.83492077,0.8333335,0.84285714,4,367.886498,12.262883,30,2.3e-07,2.8e-05,TIE
P1,9,Optimal,0.788096,0.785715,0.8,62.24,0.0,0.78809537,0.78571444,0.8,1,196.441811,6.54806,30,6.3e-07,8e-05,TIE
P10,9,Optimal,0.820106,0.865079,0.811111,1362.47,0.0,0.82010584,0.8650795,0.81111111,1,180.04835,6.001612,30,1.6e-07,2e-05,TIE
P11,9,Optimal,0.787037,0.833333,0.777778,72.72,0.0,0.78703706,0.8333335,0.77777778,13,186.218244,6.207275,30,-6e-08,0.0,TIE
P12,9,Optimal,0.812169,0.873016,0.8,1312.22,0.0,0.81216933,0.873016,0.8,16,190.502931,6.350098,30,-3.3e-07,0.0,TIE
P2,9,Optimal,0.749339,0.857143,0.727778,2543.72,0.0,0.74933865,0.857143,0.72777778,8,185.909171,6.196972,30,3.5e-07,4.7e-05,TIE
P3,9,Optimal,0.80291,0.81746,0.8,1656.14,0.0,0.80291008,0.8174605,0.8,21,186.557555,6.218585,30,-8e-08,0.0,TIE
P4,9,Optimal,0.806217,0.809524,0.805556,56.6,0.0,0.8048942,0.857143,0.79444444,1,162.793326,5.426444,30,0.0013228,0.164075,ILP
P5,9,Optimal,0.811508,0.84127,0.805556,61.12,0.0,0.81150796,0.84127,0.80555556,3,176.007449,5.866915,30,4e-08,5e-06,TIE
P6,9,Optimal,0.793651,0.817461,0.788889,308.29,0.0,0.78902119,0.8174605,0.78333333,3,194.756276,6.491876,30,0.00462981,0.583356,ILP
P7,9,Optimal,0.817791,0.851191,0.811111,1154.99,0.0,0.81779103,0.85119061,0.81111111,4,179.139567,5.971319,30,-3e-08,0.0,TIE
P8,9,Optimal,0.750662,0.86508,0.727778,3034.62,0.0,0.7506614,0.8650795,0.72777778,20,185.883943,6.196131,30,6e-07,8e-05,TIE
P9,9,Optimal,0.819445,0.833333,0.816667,1468.3,0.0,0.81944447,0.8333335,0.81666667,7,187.885475,6.262849,30,5.3e-07,6.5e-05,TIE
P1,10,Optimal,0.784656,0.785714,0.784444,72.31,0.009,0.78465612,0.7857145,0.78444444,10,288.335585,9.611186,30,-1.2e-07,0.0,TIE
P10,10,Optimal,0.805291,0.86508,0.793333,913.51,0.0,0.80529103,0.8650795,0.79333333,3,204.433895,6.814463,30,-3e-08,0.0,TIE
P11,10,Optimal,0.777778,0.833333,0.766667,94.96,0.0,0.77777781,0.8333335,0.76666667,5,223.731344,7.457711,30,1.9e-07,2.4e-05,TIE
P12,10,Optimal,0.796561,0.857143,0.784444,1579.65,0.0,0.79656087,0.857143,0.78444444,26,207.653829,6.921794,30,1.3e-07,1.6e-05,TIE
P2,10,Optimal,0.720635,0.912698,0.682222,6614.07,0.0,0.71746036,0.7380955,0.71333333,23,323.143607,10.771454,30,0.00317464,0.440534,ILP
P3,10,Optimal,0.789947,0.81746,0.784444,2640.64,0.0,0.78994712,0.8174605,0.78444444,11,296.001099,9.866703,30,-1.2e-07,0.0,TIE
P4,10,Optimal,0.796031,0.809524,0.793333,68.13,0.0,0.79603178,0.809524,0.79333333,14,278.129594,9.270986,30,-7.8e-07,0.0,TIE
P5,10,Optimal,0.801322,0.84127,0.793333,71.12,0.0,0.80132278,0.84127,0.79333333,3,374.495775,12.483192,30,-7.8e-07,0.0,TIE
P6,10,Optimal,0.789947,0.817461,0.784444,378.15,0.0,0.78994712,0.8174605,0.78444444,7,315.34422,10.511474,30,-1.2e-07,0.0,TIE
P7,10,Optimal,0.803968,0.857143,0.793333,2438.96,0.0,0.80297621,0.85119061,0.79333333,17,711.905613,23.730187,30,0.00099179,0.123362,ILP
P8,10,Optimal,0.718783,0.746032,0.713333,3416.47,0.0,0.71878311,0.746032,0.71333333,24,221.16121,7.37204,30,-1.1e-07,0.0,TIE
P9,10,Optimal,0.803968,0.857143,0.793333,2230.59,0.0,0.80396828,0.857143,0.79333333,3,198.033934,6.601131,30,-2.8e-07,0.0,TIE
P1,12,Optimal,0.742063,0.785714,0.733333,88.58,0.0072,0.74206353,0.7857145,0.73333333,7,236.45018,7.881673,30,-5.3e-07,0.0,TIE
P10,12,Optimal,0.783069,0.865079,0.766667,802.73,0.0,0.78306881,0.8650795,0.76666667,4,237.18085,7.906028,30,1.9e-07,2.4e-05,TIE
P11,12,Optimal,0.760101,0.833333,0.745455,105.87,0.0,0.74242427,0.8333335,0.72424242,1,227.466048,7.582202,30,0.01767673,2.325576,ILP
P12,12,Optimal,0.762626,0.833333,0.748485,4041.9,0.0,0.75757579,0.8333335,0.74242424,24,665.594255,22.186475,30,0.00505021,0.662213,ILP
P2,12,Feasible (decomp: A=Feasible (time limit); B=Optimal),0.708874,0.738096,0.70303,7071.78,1.0609,0.70634925,0.7380955,0.7,2,339.174398,11.305813,30,0.00252475,0.356163,ILP
P3,12,Optimal,0.759019,0.857143,0.739394,6006.63,0.0,0.75901878,0.857143,0.73939394,18,225.260837,7.508695,30,2.2e-07,2.9e-05,TIE
P4,12,Optimal,0.776696,0.857143,0.760606,93.25,0.0,0.77669555,0.857143,0.76060606,1,222.426022,7.414201,30,4.5e-07,5.8e-05,TIE
P5,12,Optimal,0.779101,0.84127,0.766667,59.98,0.0,0.77910056,0.84127,0.76666667,4,229.35492,7.645164,30,4.4e-07,5.6e-05,TIE
P6,12,Optimal,0.747354,0.817461,0.733333,1703.45,0.0,0.74735453,0.8174605,0.73333333,4,262.161208,8.738707,30,-5.3e-07,0.0,TIE
P7,12,Optimal,0.780754,0.851191,0.766667,1973.67,0.0,0.78075399,0.85119061,0.76666667,8,250.832166,8.361072,30,1e-08,1e-06,TIE
P8,12,Optimal,0.710197,0.746032,0.70303,4500.52,0.0,0.707672,0.746032,0.7,22,261.141355,8.704712,30,0.002525,0.355535,ILP
P9,12,Optimal,0.779101,0.84127,0.766667,2456.11,0.0,0.77910056,0.84127,0.76666667,7,230.022928,7.667431,30,4.4e-07,5.6e-05,TIE
