projeto,modo,status,AT,AC,AE,tempo_s,must_dom_ok,must_eco_ok,must_ling_ok,metodo,seed,fitness_final,AE_raw_surrogate,all_must_ok,best_generation,gens_executed,stop_reason,dom_score,eco_score,ling_score,population_size,generations,elitism_count,mutation_rate,crossover_rate,stable_gens,crossover_operator,team_size_testado
P1,AE_FULL_SURROGATE,OK,0.9126985,0.8,0.8187830833333334,7.059393,True,True,True,GA_CALIBRADO_CCC,1,0.8187830833333334,0.8187830833333334,True,19,39,stable_gens_no_improve,0.857143,1.0,0.9285715,150,200,3,0.005,1.0,20,ccc,4
P1,AE_FULL_SURROGATE,OK,0.825397,0.6666666666666666,0.6931217222222221,8.906713,True,True,True,GA_CALIBRADO_CCC,2,0.6931217222222221,0.6931217222222221,True,25,45,stable_gens_no_improve,0.6428575,0.857143,0.9285715,150,200,3,0.005,1.0,20,ccc,4
P1,AE_FULL_SURROGATE,OK,0.7857144444444444,0.9,0.8047620370370371,29.290872,True,True,True,GA_CALIBRADO_CCC,3,0.8047620370370371,0.8047620370370371,True,39,59,stable_gens_no_improve,0.6428575,0.5,0.9285715,150,200,3,0.005,1.0,20,ccc,4
P1,AE_FULL_SURROGATE,OK,0.7857144444444444,0.8666666666666667,0.7992064814814815,10.210326,True,True,True,GA_CALIBRADO_CCC,4,0.7992064814814815,0.7992064814814815,True,48,68,stable_gens_no_improve,0.6428575,0.5,0.9285715,150,200,3,0.005,1.0,20,ccc,4
P1,AE_FULL_SURROGATE,OK,0.9126985,0.8,0.8187830833333334,5.777767,True,True,True,GA_CALIBRADO_CCC,5,0.8187830833333334,0.8187830833333334,True,11,31,stable_gens_no_improve,0.857143,1.0,0.9285715,150,200,3,0.005,1.0,20,ccc,4
P1,AE_FULL_SURROGATE,OK,0.7857144444444444,0.9,0.8047620370370371,25.363074,True,True,True,GA_CALIBRADO_CCC,6,0.8047620370370371,0.8047620370370371,True,14,34,stable_gens_no_improve,0.6428575,0.5,0.9285715,150,200,3,0.005,1.0,20,ccc,4
P1,AE_FULL_SURROGATE,OK,0.9126985,0.8,0.8187830833333334,36.65561,True,True,True,GA_CALIBRADO_CCC,7,0.8187830833333334,0.8187830833333334,True,27,47,stable_gens_no_improve,0.857143,1.0,0.9285715,150,200,3,0.005,1.0,20,ccc,4
P1,AE_FULL_SURROGATE,OK,0.9285714999999999,0.7666666666666666,0.7936508055555554,41.738069,True,True,True,GA_CALIBRADO_CCC,8,0.7936508055555554,0.7936508055555554,True,41,61,stable_gens_no_improve,0.7857145,1.0,1.0,150,200,3,0.005,1.0,20,ccc,4
P1,AE_FULL_SURROGATE,OK,0.9126985,0.8,0.8187830833333334,28.139403,True,True,True,GA_CALIBRADO_CCC,9,0.8187830833333334,0.8187830833333334,True,23,43,stable_gens_no_improve,0.857143,1.0,0.9285715,150,200,3,0.005,1.0,20,ccc,4
P1,AE_FULL_SURROGATE,OK,0.9365079999999999,0.7333333333333333,0.7671957777777777,20.928867,True,True,True,GA_CALIBRADO_CCC,10,0.7671957777777777,0.7671957777777777,True,10,30,stable_gens_no_improve,0.857143,0.857143,1.0,150,200,3,0.005,1.0,20,ccc,4
P1,AE_FULL_SURROGATE,OK,0.7857144444444444,0.9,0.8047620370370371,36.695681,True,True,True,GA_CALIBRADO_CCC,11,0.8047620370370371,0.8047620370370371,True,53,73,stable_gens_no_improve,0.6428575,0.5,0.9285715,150,200,3,0.005,1.0,20,ccc,4
P1,AE_FULL_SURROGATE,OK,0.9126985,0.8,0.8187830833333334,11.576594,True,True,True,GA_CALIBRADO_CCC,12,0.8187830833333334,0.8187830833333334,True,28,48,stable_gens_no_improve,0.857143,1.0,0.9285715,150,200,3,0.005,1.0,20,ccc,4
P1,AE_FULL_SURROGATE,OK,0.9126985,0.8,0.8187830833333334,9.615,True,True,True,GA_CALIBRADO_CCC,13,0.8187830833333334,0.8187830833333334,True,31,51,stable_gens_no_improve,0.857143,1.0,0.9285715,150,200,3,0.005,1.0,20,ccc,4
P1,AE_FULL_SURROGATE,OK,0.7857144444444444,0.9,0.8047620370370371,4.82398,True,True,True,GA_CALIBRADO_CCC,14,0.8047620370370371,0.8047620370370371,True,19,39,stable_gens_no_improve,0.6428575,0.5,0.9285715,150,200,3,0.005,1.0,20,ccc,4
P1,AE_FULL_SURROGATE,OK,0.9126985,0.8,0.8187830833333334,6.489678,True,True,True,GA_CALIBRADO_CCC,15,0.8187830833333334,0.8187830833333334,True,13,33,stable_gens_no_improve,0.857143,1.0,0.9285715,150,200,3,0.005,1.0,20,ccc,4
P1,AE_FULL_SURROGATE,OK,0.7857144444444444,0.9,0.8047620370370371,26.223859,True,True,True,GA_CALIBRADO_CCC,16,0.8047620370370371,0.8047620370370371,True,110,130,stable_gens_no_improve,0.6428575,0.5,0.9285715,150,200,3,0.005,1.0,20,ccc,4
P1,AE_FULL_SURROGATE,OK,0.7857144444444444,0.9,0.8047620370370371,8.832728,True,True,True,GA_CALIBRADO_CCC,17,0.8047620370370371,0.8047620370370371,True,21,41,stable_gens_no_improve,0.6428575,0.5,0.9285715,150,200,3,0.005,1.0,20,ccc,4
P1,AE_FULL_SURROGATE,OK,0.9365079999999999,0.6,0.6560846666666666,11.059775,True,True,True,GA_CALIBRADO_CCC,18,0.6560846666666666,0.6560846666666666,True,22,42,stable_gens_no_improve,0.857143,0.857143,1.0,150,200,3,0.005,1.0,20,ccc,4
P1,AE_FULL_SURROGATE,OK,0.9126985,0.8,0.8187830833333334,5.862036,True,True,True,GA_CALIBRADO_CCC,19,0.8187830833333334,0.8187830833333334,True,16,36,stable_gens_no_improve,0.857143,1.0,0.9285715,150,200,3,0.005,1.0,20,ccc,4
P1,AE_FULL_SURROGATE,OK,0.825397,0.6,0.6375661666666667,6.015485,True,True,True,GA_CALIBRADO_CCC,20,0.6375661666666667,0.6375661666666667,True,18,38,stable_gens_no_improve,0.6428575,0.857143,0.9285715,150,200,3,0.005,1.0,20,ccc,4
P1,AE_FULL_SURROGATE,OK,0.9126985,0.8,0.8187830833333334,8.149958,True,True,True,GA_CALIBRADO_CCC,21,0.8187830833333334,0.8187830833333334,True,35,55,stable_gens_no_improve,0.857143,1.0,0.9285715,150,200,3,0.005,1.0,20,ccc,4
P1,AE_FULL_SURROGATE,OK,0.7857144444444444,0.8333333333333334,0.7936509259259258,9.701658,True,True,True,GA_CALIBRADO_CCC,22,0.7936509259259258,0.7936509259259258,True,37,57,stable_gens_no_improve,0.6428575,0.5,0.9285715,150,200,3,0.005,1.0,20,ccc,4
P1,AE_FULL_SURROGATE,OK,0.9126985,0.8,0.8187830833333334,8.38504,True,True,True,GA_CALIBRADO_CCC,23,0.8187830833333334,0.8187830833333334,True,22,42,stable_gens_no_improve,0.857143,1.0,0.9285715,150,200,3,0.005,1.0,20,ccc,4
P1,AE_FULL_SURROGATE,OK,0.7857144444444444,0.9,0.8047620370370371,10.810609,True,True,True,GA_CALIBRADO_CCC,24,0.8047620370370371,0.8047620370370371,True,40,60,stable_gens_no_improve,0.6428575,0.5,0.9285715,150,200,3,0.005,1.0,20,ccc,4
P1,AE_FULL_SURROGATE,OK,0.9126985,0.8,0.8187830833333334,7.740739,True,True,True,GA_CALIBRADO_CCC,25,0.8187830833333334,0.8187830833333334,True,29,49,stable_gens_no_improve,0.857143,1.0,0.9285715,150,200,3,0.005,1.0,20,ccc,4
P1,AE_FULL_SURROGATE,OK,0.9126985,0.8,0.8187830833333334,4.401675,True,True,True,GA_CALIBRADO_CCC,26,0.8187830833333334,0.8187830833333334,True,7,27,stable_gens_no_improve,0.857143,1.0,0.9285715,150,200,3,0.005,1.0,20,ccc,4
P1,AE_FULL_SURROGATE,OK,0.7857144444444444,0.9,0.8047620370370371,10.5379,True,True,True,GA_CALIBRADO_CCC,27,0.8047620370370371,0.8047620370370371,True,55,75,stable_gens_no_improve,0.6428575,0.5,0.9285715,150,200,3,0.005,1.0,20,ccc,4
P1,AE_FULL_SURROGATE,OK,0.7857144444444444,0.8666666666666667,0.7992064814814815,7.345856,True,True,True,GA_CALIBRADO_CCC,28,0.7992064814814815,0.7992064814814815,True,30,50,stable_gens_no_improve,0.6428575,0.5,0.9285715,150,200,3,0.005,1.0,20,ccc,4
P1,AE_FULL_SURROGATE,OK,0.84127,0.7666666666666666,0.7791005555555555,6.286783,True,True,True,GA_CALIBRADO_CCC,29,0.7791005555555555,0.7791005555555555,True,17,37,stable_gens_no_improve,0.6428575,1.0,0.9285715,150,200,3,0.005,1.0,20,ccc,4
P1,AE_FULL_SURROGATE,OK,0.8650795,0.6333333333333333,0.6719576944444444,4.641189,True,True,True,GA_CALIBRADO_CCC,30,0.6719576944444444,0.6719576944444444,True,19,39,stable_gens_no_improve,0.6428575,0.857143,1.0,150,200,3,0.005,1.0,20,ccc,4
P2,AE_FULL_SURROGATE,OK,0.7380955,0.6333333333333333,0.6507936944444445,6.941028,True,True,True,GA_CALIBRADO_CCC,1,0.6507936944444445,0.6507936944444445,True,27,47,stable_gens_no_improve,0.857143,0.857143,0.6428575,150,200,3,0.005,1.0,20,ccc,4
P2,AE_FULL_SURROGATE,OK,0.857143,0.7333333333333334,0.7539682777777778,12.139737,True,True,True,GA_CALIBRADO_CCC,2,0.7539682777777778,0.7539682777777778,True,49,69,stable_gens_no_improve,0.857143,0.857143,0.857143,150,200,3,0.005,1.0,20,ccc,4
P2,AE_FULL_SURROGATE,OK,0.8333335,0.9,0.8444445833333334,7.61076,True,True,True,GA_CALIBRADO_CCC,3,0.8444445833333334,0.8444445833333334,True,23,43,stable_gens_no_improve,0.857143,0.6428575,0.857143,150,200,3,0.005,1.0,20,ccc,4
P2,AE_FULL_SURROGATE,OK,0.6746035000000001,0.7666666666666666,0.6899473611111112,12.427587,True,True,True,GA_CALIBRADO_CCC,4,0.6899473611111112,0.6899473611111112,True,66,86,stable_gens_no_improve,0.857143,1.0,0.5000005000000001,150,200,3,0.005,1.0,20,ccc,4
P2,AE_FULL_SURROGATE,OK,0.8174605,0.8333333333333333,0.8201059722222221,6.434988,True,True,True,GA_CALIBRADO_CCC,5,0.8201059722222221,0.8201059722222221,True,21,41,stable_gens_no_improve,0.857143,0.857143,0.7857145,150,200,3,0.005,1.0,20,ccc,4
P2,AE_FULL_SURROGATE,OK,0.8333335,0.7333333333333334,0.7500000277777779,7.757726,True,True,True,GA_CALIBRADO_CCC,6,0.7500000277777779,0.7500000277777779,True,29,49,stable_gens_no_improve,0.857143,1.0,0.7857145,150,200,3,0.005,1.0,20,ccc,4
P2,AE_FULL_SURROGATE,OK,0.7380955,0.7333333333333333,0.7341270277777777,8.523161,True,True,True,GA_CALIBRADO_CCC,7,0.7341270277777777,0.7341270277777777,True,30,50,stable_gens_no_improve,0.857143,0.857143,0.6428575,150,200,3,0.005,1.0,20,ccc,4
P2,AE_FULL_SURROGATE,OK,0.8333335,0.9,0.8444445833333334,7.989912,True,True,True,GA_CALIBRADO_CCC,8,0.8444445833333334,0.8444445833333334,True,33,53,stable_gens_no_improve,0.857143,0.6428575,0.857143,150,200,3,0.005,1.0,20,ccc,4
P2,AE_FULL_SURROGATE,OK,0.8174605,0.8333333333333333,0.8201059722222221,8.671674,True,True,True,GA_CALIBRADO_CCC,9,0.8201059722222221,0.8201059722222221,True,35,55,stable_gens_no_improve,0.857143,0.857143,0.7857145,150,200,3,0.005,1.0,20,ccc,4
P2,AE_FULL_SURROGATE,OK,0.8333335,0.9,0.8444445833333334,7.867461,True,True,True,GA_CALIBRADO_CCC,10,0.8444445833333334,0.8444445833333334,True,26,46,stable_gens_no_improve,0.857143,0.6428575,0.857143,150,200,3,0.005,1.0,20,ccc,4
P2,AE_FULL_SURROGATE,OK,0.8432540555555555,0.7333333333333334,0.7516534537037037,4.834962,True,True,True,GA_CALIBRADO_CCC,11,0.7516534537037037,0.7516534537037037,True,14,34,stable_gens_no_improve,0.857143,1.0,0.8035715,150,200,3,0.005,1.0,20,ccc,4
P2,AE_FULL_SURROGATE,OK,0.7380955,0.6333333333333333,0.6507936944444445,8.976307,True,True,True,GA_CALIBRADO_CCC,12,0.6507936944444445,0.6507936944444445,True,50,70,stable_gens_no_improve,0.857143,0.857143,0.6428575,150,200,3,0.005,1.0,20,ccc,4
P2,AE_FULL_SURROGATE,OK,0.8333335,0.7333333333333333,0.7500000277777777,7.055258,True,True,True,GA_CALIBRADO_CCC,13,0.7500000277777777,0.7500000277777777,True,18,38,stable_gens_no_improve,0.857143,1.0,0.7857145,150,200,3,0.005,1.0,20,ccc,4
P2,AE_FULL_SURROGATE,OK,0.8333335,0.9,0.8444445833333334,8.373975,True,True,True,GA_CALIBRADO_CCC,14,0.8444445833333334,0.8444445833333334,True,31,51,stable_gens_no_improve,0.857143,0.6428575,0.857143,150,200,3,0.005,1.0,20,ccc,4
P2,AE_FULL_SURROGATE,OK,0.8333335,0.9,0.8444445833333334,9.572099,True,True,True,GA_CALIBRADO_CCC,15,0.8444445833333334,0.8444445833333334,True,34,54,stable_gens_no_improve,0.857143,0.6428575,0.857143,150,200,3,0.005,1.0,20,ccc,4
P2,AE_FULL_SURROGATE,OK,0.7777780000000001,0.8333333333333334,0.7870372222222223,6.889676,True,True,True,GA_CALIBRADO_CCC,16,0.7870372222222223,0.7870372222222223,True,29,49,stable_gens_no_improve,0.857143,0.857143,0.714286,150,200,3,0.005,1.0,20,ccc,4
P2,AE_FULL_SURROGATE,OK,0.857143,0.7333333333333334,0.7539682777777778,30.517846,True,True,True,GA_CALIBRADO_CCC,17,0.7539682777777778,0.7539682777777778,True,47,67,stable_gens_no_improve,0.857143,0.857143,0.857143,150,200,3,0.005,1.0,20,ccc,4
P2,AE_FULL_SURROGATE,OK,0.714286,0.7333333333333333,0.7174605555555554,9.829704,True,True,True,GA_CALIBRADO_CCC,18,0.7174605555555554,0.7174605555555554,True,24,44,stable_gens_no_improve,0.857143,0.6428575,0.6428575,150,200,3,0.005,1.0,20,ccc,4
P2,AE_FULL_SURROGATE,OK,0.793651,0.7666666666666666,0.7711640555555554,48.396384,True,True,True,GA_CALIBRADO_CCC,19,0.7711640555555554,0.7711640555555554,True,40,60,stable_gens_no_improve,0.857143,1.0,0.714286,150,200,3,0.005,1.0,20,ccc,4
P2,AE_FULL_SURROGATE,OK,0.793651,0.7666666666666666,0.7711640555555554,58.35529,True,True,True,GA_CALIBRADO_CCC,20,0.7711640555555554,0.7711640555555554,True,36,56,stable_gens_no_improve,0.857143,1.0,0.714286,150,200,3,0.005,1.0,20,ccc,4
P2,AE_FULL_SURROGATE,OK,0.8174605,0.8333333333333333,0.8201059722222221,32.233578,True,True,True,GA_CALIBRADO_CCC,21,0.8201059722222221,0.8201059722222221,True,25,45,stable_gens_no_improve,0.857143,0.857143,0.7857145,150,200,3,0.005,1.0,20,ccc,4
P2,AE_FULL_SURROGATE,OK,0.8174605,0.6,0.6362434166666667,33.079363,True,True,True,GA_CALIBRADO_CCC,22,0.6362434166666667,0.6362434166666667,True,15,35,stable_gens_no_improve,0.857143,0.857143,0.7857145,150,200,3,0.005,1.0,20,ccc,4
P2,AE_FULL_SURROGATE,OK,0.8333335,0.9,0.8444445833333334,24.031645,True,True,True,GA_CALIBRADO_CCC,23,0.8444445833333334,0.8444445833333334,True,24,44,stable_gens_no_improve,0.857143,0.6428575,0.857143,150,200,3,0.005,1.0,20,ccc,4
P2,AE_FULL_SURROGATE,OK,0.8333335,0.7333333333333334,0.7500000277777779,49.247669,True,True,True,GA_CALIBRADO_CCC,24,0.7500000277777779,0.7500000277777779,True,23,43,stable_gens_no_improve,0.857143,1.0,0.7857145,150,200,3,0.005,1.0,20,ccc,4
P2,AE_FULL_SURROGATE,OK,0.8432540555555555,0.7333333333333334,0.7516534537037037,43.326685,True,True,True,GA_CALIBRADO_CCC,25,0.7516534537037037,0.7516534537037037,True,32,52,stable_gens_no_improve,0.857143,1.0,0.8035715,150,200,3,0.005,1.0,20,ccc,4
P2,AE_FULL_SURROGATE,OK,0.8432540555555555,0.7333333333333334,0.7516534537037037,44.924378,True,True,True,GA_CALIBRADO_CCC,26,0.7516534537037037,0.7516534537037037,True,27,47,stable_gens_no_improve,0.857143,1.0,0.8035715,150,200,3,0.005,1.0,20,ccc,4
P2,AE_FULL_SURROGATE,OK,0.7777780000000001,0.8,0.7814816666666667,15.594685,True,True,True,GA_CALIBRADO_CCC,27,0.7814816666666667,0.7814816666666667,True,39,59,stable_gens_no_improve,0.857143,0.857143,0.714286,150,200,3,0.005,1.0,20,ccc,4
P2,AE_FULL_SURROGATE,OK,0.857143,0.7333333333333334,0.7539682777777778,7.728477,True,True,True,GA_CALIBRADO_CCC,28,0.7539682777777778,0.7539682777777778,True,18,38,stable_gens_no_improve,0.857143,0.857143,0.857143,150,200,3,0.005,1.0,20,ccc,4
P2,AE_FULL_SURROGATE,OK,0.8333335,0.7333333333333334,0.7500000277777779,41.320397,True,True,True,GA_CALIBRADO_CCC,29,0.7500000277777779,0.7500000277777779,True,23,43,stable_gens_no_improve,0.857143,1.0,0.7857145,150,200,3,0.005,1.0,20,ccc,4
P2,AE_FULL_SURROGATE,OK,0.8333335,0.9,0.8444445833333334,38.811904,True,True,True,GA_CALIBRADO_CCC,30,0.8444445833333334,0.8444445833333334,True,26,46,stable_gens_no_improve,0.857143,0.6428575,0.857143,150,200,3,0.005,1.0,20,ccc,4
P3,AE_FULL_SURROGATE,OK,0.820106,0.7333333333333334,0.7477954444444445,9.965793,True,True,True,GA_CALIBRADO_CCC,1,0.7477954444444445,0.7477954444444445,True,35,55,stable_gens_no_improve,0.857143,0.5238100000000001,0.857143,150,200,3,0.005,1.0,20,ccc,4
P3,AE_FULL_SURROGATE,OK,0.8650795,0.8,0.8108465833333334,6.712772,True,True,True,GA_CALIBRADO_CCC,2,0.8108465833333334,0.8108465833333334,True,17,37,stable_gens_no_improve,0.6428575,0.857143,1.0,150,200,3,0.005,1.0,20,ccc,4
P3,AE_FULL_SURROGATE,OK,0.820106,0.7333333333333334,0.7477954444444445,7.875228,True,True,True,GA_CALIBRADO_CCC,3,0.7477954444444445,0.7477954444444445,True,41,61,stable_gens_no_improve,0.857143,0.5238100000000001,0.857143,150,200,3,0.005,1.0,20,ccc,4
P3,AE_FULL_SURROGATE,OK,0.8650795,0.7666666666666666,0.7830688055555556,7.663549,True,True,True,GA_CALIBRADO_CCC,4,0.7830688055555556,0.7830688055555556,True,30,50,stable_gens_no_improve,0.6428575,0.857143,1.0,150,200,3,0.005,1.0,20,ccc,4
P3,AE_FULL_SURROGATE,OK,0.8650795,0.8,0.8108465833333334,7.598619,True,True,True,GA_CALIBRADO_CCC,5,0.8108465833333334,0.8108465833333334,True,38,58,stable_gens_no_improve,0.6428575,0.857143,1.0,150,200,3,0.005,1.0,20,ccc,4
P3,AE_FULL_SURROGATE,OK,0.8174605,0.7999999999999999,0.8029100833333332,7.656169,True,True,True,GA_CALIBRADO_CCC,6,0.8029100833333332,0.8029100833333332,True,22,42,stable_gens_no_improve,0.6428575,0.428572,1.0,150,200,3,0.005,1.0,20,ccc,4
P3,AE_FULL_SURROGATE,OK,0.8650795,0.8,0.8108465833333334,6.288012,True,True,True,GA_CALIBRADO_CCC,7,0.8108465833333334,0.8108465833333334,True,20,40,stable_gens_no_improve,0.6428575,0.857143,1.0,150,200,3,0.005,1.0,20,ccc,4
P3,AE_FULL_SURROGATE,OK,0.8650795,0.8,0.8108465833333334,10.145281,True,True,True,GA_CALIBRADO_CCC,8,0.8108465833333334,0.8108465833333334,True,29,49,stable_gens_no_improve,0.6428575,0.857143,1.0,150,200,3,0.005,1.0,20,ccc,4
P3,AE_FULL_SURROGATE,OK,0.8650795,0.7666666666666666,0.7830688055555556,9.520566,True,True,True,GA_CALIBRADO_CCC,9,0.7830688055555556,0.7830688055555556,True,49,69,stable_gens_no_improve,0.6428575,0.857143,1.0,150,200,3,0.005,1.0,20,ccc,4
P3,AE_FULL_SURROGATE,OK,0.8650795,0.8,0.8108465833333334,30.439919,True,True,True,GA_CALIBRADO_CCC,10,0.8108465833333334,0.8108465833333334,True,60,80,stable_gens_no_improve,0.6428575,0.857143,1.0,150,200,3,0.005,1.0,20,ccc,4
P3,AE_FULL_SURROGATE,OK,0.8650795,0.8,0.8108465833333334,30.119424,True,True,True,GA_CALIBRADO_CCC,11,0.8108465833333334,0.8108465833333334,True,50,70,stable_gens_no_improve,0.6428575,0.857143,1.0,150,200,3,0.005,1.0,20,ccc,4
P3,AE_FULL_SURROGATE,OK,0.8174605,0.8,0.8029100833333334,17.800285,True,True,True,GA_CALIBRADO_CCC,12,0.8029100833333334,0.8029100833333334,True,34,54,stable_gens_no_improve,0.857143,0.857143,0.7857145,150,200,3,0.005,1.0,20,ccc,4
P3,AE_FULL_SURROGATE,OK,0.8650795,0.7666666666666666,0.7830688055555556,6.887538,True,True,True,GA_CALIBRADO_CCC,13,0.7830688055555556,0.7830688055555556,True,16,36,stable_gens_no_improve,0.6428575,0.857143,1.0,150,200,3,0.005,1.0,20,ccc,4
P3,AE_FULL_SURROGATE,OK,0.8650795,0.8,0.8108465833333334,11.868967,True,True,True,GA_CALIBRADO_CCC,14,0.8108465833333334,0.8108465833333334,True,43,63,stable_gens_no_improve,0.6428575,0.857143,1.0,150,200,3,0.005,1.0,20,ccc,4
P3,AE_FULL_SURROGATE,OK,0.820106,0.7,0.7200176666666667,10.895376,True,True,True,GA_CALIBRADO_CCC,15,0.7200176666666667,0.7200176666666667,True,34,54,stable_gens_no_improve,0.857143,0.5238100000000001,0.857143,150,200,3,0.005,1.0,20,ccc,4
P3,AE_FULL_SURROGATE,OK,0.857143,0.7666666666666666,0.7817460555555554,21.078092,True,True,True,GA_CALIBRADO_CCC,16,0.7817460555555554,0.7817460555555554,True,39,59,stable_gens_no_improve,0.857143,0.857143,0.857143,150,200,3,0.005,1.0,20,ccc,4
P3,AE_FULL_SURROGATE,OK,0.8650795,0.8,0.8108465833333334,22.149099,True,True,True,GA_CALIBRADO_CCC,17,0.8108465833333334,0.8108465833333334,True,20,40,stable_gens_no_improve,0.6428575,0.857143,1.0,150,200,3,0.005,1.0,20,ccc,4
P3,AE_FULL_SURROGATE,OK,0.746032,0.8333333333333333,0.7605822222222223,10.975824,True,True,True,GA_CALIBRADO_CCC,18,0.7605822222222223,0.7605822222222223,True,45,65,stable_gens_no_improve,0.6428575,0.857143,0.7857145,150,200,3,0.005,1.0,20,ccc,4
P3,AE_FULL_SURROGATE,OK,0.820106,0.7333333333333334,0.7477954444444445,8.711012,True,True,True,GA_CALIBRADO_CCC,19,0.7477954444444445,0.7477954444444445,True,31,51,stable_gens_no_improve,0.857143,0.5238100000000001,0.857143,150,200,3,0.005,1.0,20,ccc,4
P3,AE_FULL_SURROGATE,OK,0.8650795,0.8,0.8108465833333334,54.25266,True,True,True,GA_CALIBRADO_CCC,20,0.8108465833333334,0.8108465833333334,True,43,63,stable_gens_no_improve,0.6428575,0.857143,1.0,150,200,3,0.005,1.0,20,ccc,4
P3,AE_FULL_SURROGATE,OK,0.8650795,0.8,0.8108465833333334,25.901984,True,True,True,GA_CALIBRADO_CCC,21,0.8108465833333334,0.8108465833333334,True,33,53,stable_gens_no_improve,0.6428575,0.857143,1.0,150,200,3,0.005,1.0,20,ccc,4
P3,AE_FULL_SURROGATE,OK,0.8650795,0.8,0.8108465833333334,11.012588,True,True,True,GA_CALIBRADO_CCC,22,0.8108465833333334,0.8108465833333334,True,25,45,stable_gens_no_improve,0.6428575,0.857143,1.0,150,200,3,0.005,1.0,20,ccc,4
P3,AE_FULL_SURROGATE,OK,0.8650795,0.8,0.8108465833333334,10.19634,True,True,True,GA_CALIBRADO_CCC,23,0.8108465833333334,0.8108465833333334,True,25,45,stable_gens_no_improve,0.6428575,0.857143,1.0,150,200,3,0.005,1.0,20,ccc,4
P3,AE_FULL_SURROGATE,OK,0.8174605,0.8,0.8029100833333334,50.62553,True,True,True,GA_CALIBRADO_CCC,24,0.8029100833333334,0.8029100833333334,True,36,56,stable_gens_no_improve,0.857143,0.857143,0.7857145,150,200,3,0.005,1.0,20,ccc,4
P3,AE_FULL_SURROGATE,OK,0.8650795,0.7666666666666666,0.7830688055555556,78.931878,True,True,True,GA_CALIBRADO_CCC,25,0.7830688055555556,0.7830688055555556,True,27,47,stable_gens_no_improve,0.6428575,0.857143,1.0,150,200,3,0.005,1.0,20,ccc,4
P3,AE_FULL_SURROGATE,OK,0.8650795,0.8,0.8108465833333334,20.485745,True,True,True,GA_CALIBRADO_CCC,26,0.8108465833333334,0.8108465833333334,True,67,87,stable_gens_no_improve,0.6428575,0.857143,1.0,150,200,3,0.005,1.0,20,ccc,4
P3,AE_FULL_SURROGATE,OK,0.8650795,0.8,0.8108465833333334,75.768185,True,True,True,GA_CALIBRADO_CCC,27,0.8108465833333334,0.8108465833333334,True,36,56,stable_gens_no_improve,0.6428575,0.857143,1.0,150,200,3,0.005,1.0,20,ccc,4
P3,AE_FULL_SURROGATE,OK,0.8650795,0.8,0.8108465833333334,64.329951,True,True,True,GA_CALIBRADO_CCC,28,0.8108465833333334,0.8108465833333334,True,52,72,stable_gens_no_improve,0.6428575,0.857143,1.0,150,200,3,0.005,1.0,20,ccc,4
P3,AE_FULL_SURROGATE,OK,0.8174605,0.7999999999999999,0.8029100833333332,84.97641,True,True,True,GA_CALIBRADO_CCC,29,0.8029100833333332,0.8029100833333332,True,78,98,stable_gens_no_improve,0.6428575,0.428572,1.0,150,200,3,0.005,1.0,20,ccc,4
P3,AE_FULL_SURROGATE,OK,0.7380955,0.6666666666666666,0.6785714722222221,15.538996,True,True,True,GA_CALIBRADO_CCC,30,0.6785714722222221,0.6785714722222221,True,34,54,stable_gens_no_improve,0.857143,0.857143,0.6428575,150,200,3,0.005,1.0,20,ccc,4
P4,AE_FULL_SURROGATE,OK,0.857143,0.8666666666666667,0.8587302777777778,6.396302,True,True,True,GA_CALIBRADO_CCC,1,0.8587302777777778,0.8587302777777778,True,12,32,stable_gens_no_improve,0.857143,0.857143,0.857143,150,200,3,0.005,1.0,20,ccc,4
P4,AE_FULL_SURROGATE,OK,0.857143,0.8666666666666667,0.8587302777777778,6.748185,True,True,True,GA_CALIBRADO_CCC,2,0.8587302777777778,0.8587302777777778,True,26,46,stable_gens_no_improve,0.857143,0.857143,0.857143,150,200,3,0.005,1.0,20,ccc,4
P4,AE_FULL_SURROGATE,OK,0.857143,0.7333333333333334,0.7539682777777778,7.360568,True,True,True,GA_CALIBRADO_CCC,3,0.7539682777777778,0.7539682777777778,True,10,30,stable_gens_no_improve,0.857143,0.857143,0.857143,150,200,3,0.005,1.0,20,ccc,4
P4,AE_FULL_SURROGATE,OK,0.8373017222222222,0.8333333333333333,0.8339947314814814,5.43233,True,True,True,GA_CALIBRADO_CCC,4,0.8339947314814814,0.8339947314814814,True,10,30,stable_gens_no_improve,0.857143,0.6785715,0.857143,150,200,3,0.005,1.0,20,ccc,4
P4,AE_FULL_SURROGATE,OK,0.809524,0.8333333333333334,0.8134922222222222,10.63331,True,True,True,GA_CALIBRADO_CCC,5,0.8134922222222222,0.8134922222222222,True,39,59,stable_gens_no_improve,0.857143,0.428572,0.857143,150,200,3,0.005,1.0,20,ccc,4
P4,AE_FULL_SURROGATE,OK,0.809524,0.8333333333333334,0.8134922222222222,10.619715,True,True,True,GA_CALIBRADO_CCC,6,0.8134922222222222,0.8134922222222222,True,31,51,stable_gens_no_improve,0.857143,0.428572,0.857143,150,200,3,0.005,1.0,20,ccc,4
P4,AE_FULL_SURROGATE,OK,0.8650795,0.8333333333333333,0.838624361111111,8.609864,True,True,True,GA_CALIBRADO_CCC,7,0.838624361111111,0.838624361111111,True,17,37,stable_gens_no_improve,0.857143,0.9285715,0.857143,150,200,3,0.005,1.0,20,ccc,4
P4,AE_FULL_SURROGATE,OK,0.809524,0.8666666666666667,0.8190477777777779,8.658445,True,True,True,GA_CALIBRADO_CCC,8,0.8190477777777779,0.8190477777777779,True,13,33,stable_gens_no_improve,0.857143,0.428572,0.857143,150,200,3,0.005,1.0,20,ccc,4
P4,AE_FULL_SURROGATE,OK,0.8571430000000001,0.6666666666666666,0.6984127222222222,17.147367,True,True,True,GA_CALIBRADO_CCC,9,0.6984127222222222,0.6984127222222222,True,43,63,stable_gens_no_improve,0.857143,0.5000005000000001,0.9285715,150,200,3,0.005,1.0,20,ccc,4
P4,AE_FULL_SURROGATE,OK,0.8373017222222222,0.8333333333333333,0.8339947314814814,12.577878,True,True,True,GA_CALIBRADO_CCC,10,0.8339947314814814,0.8339947314814814,True,25,45,stable_gens_no_improve,0.857143,0.6785715,0.857143,150,200,3,0.005,1.0,20,ccc,4
P4,AE_FULL_SURROGATE,OK,0.809524,0.8333333333333334,0.8134922222222222,9.814315,True,True,True,GA_CALIBRADO_CCC,11,0.8134922222222222,0.8134922222222222,True,24,44,stable_gens_no_improve,0.857143,0.428572,0.857143,150,200,3,0.005,1.0,20,ccc,4
P4,AE_FULL_SURROGATE,OK,0.8174605,0.8,0.8029100833333334,15.099641,True,True,True,GA_CALIBRADO_CCC,12,0.8029100833333334,0.8029100833333334,True,42,62,stable_gens_no_improve,0.857143,0.5000005000000001,0.857143,150,200,3,0.005,1.0,20,ccc,4
P4,AE_FULL_SURROGATE,OK,0.8492065,0.7333333333333333,0.7526455277777777,11.131436,True,True,True,GA_CALIBRADO_CCC,13,0.7526455277777777,0.7526455277777777,True,20,40,stable_gens_no_improve,0.857143,0.428572,0.9285715,150,200,3,0.005,1.0,20,ccc,4
P4,AE_FULL_SURROGATE,OK,0.809524,0.8333333333333333,0.8134922222222222,9.284838,True,True,True,GA_CALIBRADO_CCC,14,0.8134922222222222,0.8134922222222222,True,20,40,stable_gens_no_improve,0.857143,0.428572,0.857143,150,200,3,0.005,1.0,20,ccc,4
P4,AE_FULL_SURROGATE,OK,0.809524,0.8666666666666667,0.8190477777777779,6.864639,True,True,True,GA_CALIBRADO_CCC,15,0.8190477777777779,0.8190477777777779,True,15,35,stable_gens_no_improve,0.857143,0.428572,0.857143,150,200,3,0.005,1.0,20,ccc,4
P4,AE_FULL_SURROGATE,OK,0.8373017222222222,0.8333333333333333,0.8339947314814814,11.454,True,True,True,GA_CALIBRADO_CCC,16,0.8339947314814814,0.8339947314814814,True,33,53,stable_gens_no_improve,0.857143,0.6785715,0.857143,150,200,3,0.005,1.0,20,ccc,4
P4,AE_FULL_SURROGATE,OK,0.809524,0.8333333333333334,0.8134922222222222,9.346193,True,True,True,GA_CALIBRADO_CCC,17,0.8134922222222222,0.8134922222222222,True,21,41,stable_gens_no_improve,0.857143,0.428572,0.857143,150,200,3,0.005,1.0,20,ccc,4
P4,AE_FULL_SURROGATE,OK,0.809524,0.8333333333333333,0.8134922222222222,15.893975,True,True,True,GA_CALIBRADO_CCC,18,0.8134922222222222,0.8134922222222222,True,75,95,stable_gens_no_improve,0.857143,0.428572,0.857143,150,200,3,0.005,1.0,20,ccc,4
P4,AE_FULL_SURROGATE,OK,0.809524,0.8333333333333333,0.8134922222222222,8.259814,True,True,True,GA_CALIBRADO_CCC,19,0.8134922222222222,0.8134922222222222,True,25,45,stable_gens_no_improve,0.857143,0.428572,0.857143,150,200,3,0.005,1.0,20,ccc,4
P4,AE_FULL_SURROGATE,OK,0.8075397777777779,0.8333333333333333,0.8118387037037037,8.063296,True,True,True,GA_CALIBRADO_CCC,20,0.8118387037037037,0.8118387037037037,True,28,48,stable_gens_no_improve,0.857143,0.6785715,0.8035715,150,200,3,0.005,1.0,20,ccc,4
P4,AE_FULL_SURROGATE,OK,0.8650795,0.8333333333333333,0.838624361111111,8.534866,True,True,True,GA_CALIBRADO_CCC,21,0.838624361111111,0.838624361111111,True,33,53,stable_gens_no_improve,0.857143,0.9285715,0.857143,150,200,3,0.005,1.0,20,ccc,4
P4,AE_FULL_SURROGATE,OK,0.8650795,0.8333333333333333,0.838624361111111,11.791633,True,True,True,GA_CALIBRADO_CCC,22,0.838624361111111,0.838624361111111,True,73,93,stable_gens_no_improve,0.857143,0.9285715,0.857143,150,200,3,0.005,1.0,20,ccc,4
P4,AE_FULL_SURROGATE,OK,0.8174605,0.8333333333333333,0.8201059722222221,8.393975,True,True,True,GA_CALIBRADO_CCC,23,0.8201059722222221,0.8201059722222221,True,36,56,stable_gens_no_improve,0.857143,0.5000005000000001,0.857143,150,200,3,0.005,1.0,20,ccc,4
P4,AE_FULL_SURROGATE,OK,0.809524,0.8333333333333334,0.8134922222222222,10.91053,True,True,True,GA_CALIBRADO_CCC,24,0.8134922222222222,0.8134922222222222,True,45,65,stable_gens_no_improve,0.857143,0.428572,0.857143,150,200,3,0.005,1.0,20,ccc,4
P4,AE_FULL_SURROGATE,OK,0.8650795,0.8333333333333333,0.838624361111111,17.152166,True,True,True,GA_CALIBRADO_CCC,25,0.838624361111111,0.838624361111111,True,57,77,stable_gens_no_improve,0.857143,0.9285715,0.857143,150,200,3,0.005,1.0,20,ccc,4
P4,AE_FULL_SURROGATE,OK,0.8373017222222222,0.8333333333333333,0.8339947314814814,9.288887,True,True,True,GA_CALIBRADO_CCC,26,0.8339947314814814,0.8339947314814814,True,27,47,stable_gens_no_improve,0.857143,0.6785715,0.857143,150,200,3,0.005,1.0,20,ccc,4
P4,AE_FULL_SURROGATE,OK,0.857143,0.7666666666666666,0.7817460555555554,10.061309,True,True,True,GA_CALIBRADO_CCC,27,0.7817460555555554,0.7817460555555554,True,32,52,stable_gens_no_improve,0.857143,0.857143,0.857143,150,200,3,0.005,1.0,20,ccc,4
P4,AE_FULL_SURROGATE,OK,0.8273810555555555,0.8333333333333333,0.8283731018518518,14.570913,True,True,True,GA_CALIBRADO_CCC,28,0.8283731018518518,0.8283731018518518,True,49,69,stable_gens_no_improve,0.857143,0.857143,0.8035715,150,200,3,0.005,1.0,20,ccc,4
P4,AE_FULL_SURROGATE,OK,0.857143,0.8666666666666667,0.8587302777777778,7.163741,True,True,True,GA_CALIBRADO_CCC,29,0.8587302777777778,0.8587302777777778,True,12,32,stable_gens_no_improve,0.857143,0.857143,0.857143,150,200,3,0.005,1.0,20,ccc,4
P4,AE_FULL_SURROGATE,OK,0.857143,0.9,0.8642858333333333,13.648102,True,True,True,GA_CALIBRADO_CCC,30,0.8642858333333333,0.8642858333333333,True,51,71,stable_gens_no_improve,0.857143,0.857143,0.857143,150,200,3,0.005,1.0,20,ccc,4
P5,AE_FULL_SURROGATE,OK,0.746032,0.7666666666666666,0.7494711111111112,18.51152,True,True,True,GA_CALIBRADO_CCC,1,0.7494711111111112,0.7494711111111112,True,44,64,stable_gens_no_improve,0.857143,0.571429,0.714286,150,200,3,0.005,1.0,20,ccc,4
P5,AE_FULL_SURROGATE,OK,0.857143,0.7666666666666666,0.7817460555555554,26.280246,True,True,True,GA_CALIBRADO_CCC,2,0.7817460555555554,0.7817460555555554,True,85,105,stable_gens_no_improve,0.857143,0.857143,0.857143,150,200,3,0.005,1.0,20,ccc,4
P5,AE_FULL_SURROGATE,OK,0.825397,0.8333333333333334,0.8267197222222222,15.800399,True,True,True,GA_CALIBRADO_CCC,3,0.8267197222222222,0.8267197222222222,True,50,70,stable_gens_no_improve,0.857143,0.571429,0.857143,150,200,3,0.005,1.0,20,ccc,4
P5,AE_FULL_SURROGATE,OK,0.857143,0.7666666666666666,0.7817460555555554,17.286969,True,True,True,GA_CALIBRADO_CCC,4,0.7817460555555554,0.7817460555555554,True,49,69,stable_gens_no_improve,0.857143,0.857143,0.857143,150,200,3,0.005,1.0,20,ccc,4
P5,AE_FULL_SURROGATE,OK,0.857143,0.7666666666666666,0.7817460555555554,45.950344,True,True,True,GA_CALIBRADO_CCC,5,0.7817460555555554,0.7817460555555554,True,29,49,stable_gens_no_improve,0.857143,0.857143,0.857143,150,200,3,0.005,1.0,20,ccc,4
P5,AE_FULL_SURROGATE,OK,0.761905,0.7,0.7103175,40.636542,True,True,True,GA_CALIBRADO_CCC,6,0.7103175,0.7103175,True,29,49,stable_gens_no_improve,0.857143,0.714286,0.714286,150,200,3,0.005,1.0,20,ccc,4
P5,AE_FULL_SURROGATE,OK,0.825397,0.7666666666666666,0.7764550555555555,30.846637,True,True,True,GA_CALIBRADO_CCC,7,0.7764550555555555,0.7764550555555555,True,18,38,stable_gens_no_improve,0.857143,0.571429,0.857143,150,200,3,0.005,1.0,20,ccc,4
P5,AE_FULL_SURROGATE,OK,0.761905,0.7,0.7103175,35.475869,True,True,True,GA_CALIBRADO_CCC,8,0.7103175,0.7103175,True,17,37,stable_gens_no_improve,0.857143,0.714286,0.714286,150,200,3,0.005,1.0,20,ccc,4
P5,AE_FULL_SURROGATE,OK,0.809524,0.8333333333333333,0.8134922222222222,7.341952,True,True,True,GA_CALIBRADO_CCC,9,0.8134922222222222,0.8134922222222222,True,25,45,stable_gens_no_improve,0.857143,0.428572,0.857143,150,200,3,0.005,1.0,20,ccc,4
P5,AE_FULL_SURROGATE,OK,0.8273810555555555,0.7333333333333334,0.7490079537037038,6.42636,True,True,True,GA_CALIBRADO_CCC,10,0.7490079537037038,0.7490079537037038,True,15,35,stable_gens_no_improve,0.857143,0.857143,0.8035715,150,200,3,0.005,1.0,20,ccc,4
P5,AE_FULL_SURROGATE,OK,0.825397,0.8333333333333334,0.8267197222222222,12.392139,True,True,True,GA_CALIBRADO_CCC,11,0.8267197222222222,0.8267197222222222,True,71,91,stable_gens_no_improve,0.857143,0.571429,0.857143,150,200,3,0.005,1.0,20,ccc,4
P5,AE_FULL_SURROGATE,OK,0.7956350555555556,0.7666666666666666,0.7714947314814814,8.024325,True,True,True,GA_CALIBRADO_CCC,12,0.7714947314814814,0.7714947314814814,True,25,45,stable_gens_no_improve,0.857143,0.571429,0.8035715,150,200,3,0.005,1.0,20,ccc,4
P5,AE_FULL_SURROGATE,OK,0.809524,0.8333333333333333,0.8134922222222222,9.87226,True,True,True,GA_CALIBRADO_CCC,13,0.8134922222222222,0.8134922222222222,True,40,60,stable_gens_no_improve,0.857143,0.428572,0.857143,150,200,3,0.005,1.0,20,ccc,4
P5,AE_FULL_SURROGATE,OK,0.7480160555555556,0.8,0.7566800462962964,11.791702,True,True,True,GA_CALIBRADO_CCC,14,0.7566800462962964,0.7566800462962964,True,31,51,stable_gens_no_improve,0.857143,0.857143,0.6607145,150,200,3,0.005,1.0,20,ccc,4
P5,AE_FULL_SURROGATE,OK,0.7579366111111111,0.7333333333333333,0.7374338796296297,23.154894,True,True,True,GA_CALIBRADO_CCC,15,0.7374338796296297,0.7374338796296297,True,57,77,stable_gens_no_improve,0.857143,0.857143,0.6785715,150,200,3,0.005,1.0,20,ccc,4
P5,AE_FULL_SURROGATE,OK,0.857143,0.7,0.7261905,12.845457,True,True,True,GA_CALIBRADO_CCC,16,0.7261905,0.7261905,True,42,62,stable_gens_no_improve,0.857143,0.857143,0.857143,150,200,3,0.005,1.0,20,ccc,4
P5,AE_FULL_SURROGATE,OK,0.7777780000000001,0.7999999999999999,0.7814816666666667,15.344462,True,True,True,GA_CALIBRADO_CCC,17,0.7814816666666667,0.7814816666666667,True,42,62,stable_gens_no_improve,0.857143,0.857143,0.714286,150,200,3,0.005,1.0,20,ccc,4
P5,AE_FULL_SURROGATE,OK,0.746032,0.7666666666666666,0.7494711111111112,8.51057,True,True,True,GA_CALIBRADO_CCC,18,0.7494711111111112,0.7494711111111112,True,20,40,stable_gens_no_improve,0.857143,0.571429,0.714286,150,200,3,0.005,1.0,20,ccc,4
P5,AE_FULL_SURROGATE,OK,0.7777780000000001,0.7999999999999999,0.7814816666666667,11.623179,True,True,True,GA_CALIBRADO_CCC,19,0.7814816666666667,0.7814816666666667,True,39,59,stable_gens_no_improve,0.857143,0.857143,0.714286,150,200,3,0.005,1.0,20,ccc,4
P5,AE_FULL_SURROGATE,OK,0.761905,0.8333333333333333,0.7738097222222223,9.768429,True,True,True,GA_CALIBRADO_CCC,20,0.7738097222222223,0.7738097222222223,True,15,35,stable_gens_no_improve,0.857143,0.714286,0.714286,150,200,3,0.005,1.0,20,ccc,4
P5,AE_FULL_SURROGATE,OK,0.857143,0.7666666666666666,0.7817460555555554,18.769739,True,True,True,GA_CALIBRADO_CCC,21,0.7817460555555554,0.7817460555555554,True,54,74,stable_gens_no_improve,0.857143,0.857143,0.857143,150,200,3,0.005,1.0,20,ccc,4
P5,AE_FULL_SURROGATE,OK,0.8115080555555555,0.7666666666666666,0.7741402314814815,9.396511,True,True,True,GA_CALIBRADO_CCC,22,0.7741402314814815,0.7741402314814815,True,25,45,stable_gens_no_improve,0.857143,0.714286,0.8035715,150,200,3,0.005,1.0,20,ccc,4
P5,AE_FULL_SURROGATE,OK,0.7539684999999999,0.7666666666666666,0.7560848611111112,3.620386,True,True,True,GA_CALIBRADO_CCC,23,0.7560848611111112,0.7560848611111112,True,20,40,stable_gens_no_improve,0.6428575,0.571429,0.857143,150,200,3,0.005,1.0,20,ccc,4
P5,AE_FULL_SURROGATE,OK,0.857143,0.7666666666666666,0.7817460555555554,3.975546,True,True,True,GA_CALIBRADO_CCC,24,0.7817460555555554,0.7817460555555554,True,20,40,stable_gens_no_improve,0.857143,0.857143,0.857143,150,200,3,0.005,1.0,20,ccc,4
P5,AE_FULL_SURROGATE,OK,0.746032,0.7666666666666666,0.7494711111111112,4.247616,True,True,True,GA_CALIBRADO_CCC,25,0.7494711111111112,0.7494711111111112,True,22,42,stable_gens_no_improve,0.857143,0.571429,0.714286,150,200,3,0.005,1.0,20,ccc,4
P5,AE_FULL_SURROGATE,OK,0.857143,0.7666666666666666,0.7817460555555554,11.380535,True,True,True,GA_CALIBRADO_CCC,26,0.7817460555555554,0.7817460555555554,True,26,46,stable_gens_no_improve,0.857143,0.857143,0.857143,150,200,3,0.005,1.0,20,ccc,4
P5,AE_FULL_SURROGATE,OK,0.8115080555555555,0.7999999999999999,0.8019180092592592,19.567528,True,True,True,GA_CALIBRADO_CCC,27,0.8019180092592592,0.8019180092592592,True,43,63,stable_gens_no_improve,0.857143,0.714286,0.8035715,150,200,3,0.005,1.0,20,ccc,4
P5,AE_FULL_SURROGATE,OK,0.761905,0.7,0.7103175,15.442786,True,True,True,GA_CALIBRADO_CCC,28,0.7103175,0.7103175,True,26,46,stable_gens_no_improve,0.857143,0.714286,0.714286,150,200,3,0.005,1.0,20,ccc,4
P5,AE_FULL_SURROGATE,OK,0.857143,0.7666666666666666,0.7817460555555554,8.8841,True,True,True,GA_CALIBRADO_CCC,29,0.7817460555555554,0.7817460555555554,True,55,75,stable_gens_no_improve,0.857143,0.857143,0.857143,150,200,3,0.005,1.0,20,ccc,4
P5,AE_FULL_SURROGATE,OK,0.825397,0.8333333333333334,0.8267197222222222,7.178193,True,True,True,GA_CALIBRADO_CCC,30,0.8267197222222222,0.8267197222222222,True,54,74,stable_gens_no_improve,0.857143,0.571429,0.857143,150,200,3,0.005,1.0,20,ccc,4
P6,AE_FULL_SURROGATE,OK,0.746032,0.7333333333333333,0.7354497777777778,6.290087,True,True,True,GA_CALIBRADO_CCC,1,0.7354497777777778,0.7354497777777778,True,34,54,stable_gens_no_improve,0.6428575,0.5000005000000001,0.857143,150,200,3,0.005,1.0,20,ccc,4
P6,AE_FULL_SURROGATE,OK,0.857143,0.7,0.7261905,5.628602,True,True,True,GA_CALIBRADO_CCC,2,0.7261905,0.7261905,True,28,48,stable_gens_no_improve,0.857143,0.857143,0.857143,150,200,3,0.005,1.0,20,ccc,4
P6,AE_FULL_SURROGATE,OK,0.8333335,0.7333333333333333,0.7500000277777777,5.532228,True,True,True,GA_CALIBRADO_CCC,3,0.7500000277777777,0.7500000277777777,True,30,50,stable_gens_no_improve,0.857143,0.6428575,0.857143,150,200,3,0.005,1.0,20,ccc,4
P6,AE_FULL_SURROGATE,OK,0.857143,0.7666666666666666,0.7817460555555554,5.418459,True,True,True,GA_CALIBRADO_CCC,4,0.7817460555555554,0.7817460555555554,True,34,54,stable_gens_no_improve,0.857143,0.857143,0.857143,150,200,3,0.005,1.0,20,ccc,4
P6,AE_FULL_SURROGATE,OK,0.857143,0.7666666666666666,0.7817460555555554,4.913213,True,True,True,GA_CALIBRADO_CCC,5,0.7817460555555554,0.7817460555555554,True,37,57,stable_gens_no_improve,0.857143,0.857143,0.857143,150,200,3,0.005,1.0,20,ccc,4
P6,AE_FULL_SURROGATE,OK,0.8333335,0.7333333333333333,0.7500000277777777,3.358463,True,True,True,GA_CALIBRADO_CCC,6,0.7500000277777777,0.7500000277777777,True,27,47,stable_gens_no_improve,0.857143,0.6428575,0.857143,150,200,3,0.005,1.0,20,ccc,4
P6,AE_FULL_SURROGATE,OK,0.857143,0.6666666666666666,0.6984127222222222,3.916025,True,True,True,GA_CALIBRADO_CCC,7,0.6984127222222222,0.6984127222222222,True,37,57,stable_gens_no_improve,0.857143,0.857143,0.857143,150,200,3,0.005,1.0,20,ccc,4
P6,AE_FULL_SURROGATE,OK,0.746032,0.7333333333333333,0.7354497777777778,4.735887,True,True,True,GA_CALIBRADO_CCC,8,0.7354497777777778,0.7354497777777778,True,49,69,stable_gens_no_improve,0.6428575,0.5000005000000001,0.857143,150,200,3,0.005,1.0,20,ccc,4
P6,AE_FULL_SURROGATE,OK,0.857143,0.7666666666666666,0.7817460555555554,3.34941,True,True,True,GA_CALIBRADO_CCC,9,0.7817460555555554,0.7817460555555554,True,24,44,stable_gens_no_improve,0.857143,0.857143,0.857143,150,200,3,0.005,1.0,20,ccc,4
P6,AE_FULL_SURROGATE,OK,0.857143,0.7666666666666666,0.7817460555555554,3.081054,True,True,True,GA_CALIBRADO_CCC,10,0.7817460555555554,0.7817460555555554,True,24,44,stable_gens_no_improve,0.857143,0.857143,0.857143,150,200,3,0.005,1.0,20,ccc,4
P6,AE_FULL_SURROGATE,OK,0.8333335,0.7333333333333333,0.7500000277777777,3.226303,True,True,True,GA_CALIBRADO_CCC,11,0.7500000277777777,0.7500000277777777,True,23,43,stable_gens_no_improve,0.857143,0.6428575,0.857143,150,200,3,0.005,1.0,20,ccc,4
P6,AE_FULL_SURROGATE,OK,0.857143,0.7666666666666666,0.7817460555555554,6.708618,True,True,True,GA_CALIBRADO_CCC,12,0.7817460555555554,0.7817460555555554,True,80,100,stable_gens_no_improve,0.857143,0.857143,0.857143,150,200,3,0.005,1.0,20,ccc,4
P6,AE_FULL_SURROGATE,OK,0.857143,0.7666666666666666,0.7817460555555554,4.114822,True,True,True,GA_CALIBRADO_CCC,13,0.7817460555555554,0.7817460555555554,True,31,51,stable_gens_no_improve,0.857143,0.857143,0.857143,150,200,3,0.005,1.0,20,ccc,4
P6,AE_FULL_SURROGATE,OK,0.857143,0.7666666666666666,0.7817460555555554,3.844289,True,True,True,GA_CALIBRADO_CCC,14,0.7817460555555554,0.7817460555555554,True,31,51,stable_gens_no_improve,0.857143,0.857143,0.857143,150,200,3,0.005,1.0,20,ccc,4
P6,AE_FULL_SURROGATE,OK,0.6904765,0.6,0.6150794166666667,3.026226,True,True,True,GA_CALIBRADO_CCC,15,0.6150794166666667,0.6150794166666667,True,18,38,stable_gens_no_improve,0.857143,0.428572,0.6428575,150,200,3,0.005,1.0,20,ccc,4
P6,AE_FULL_SURROGATE,OK,0.857143,0.7,0.7261905,3.663893,True,True,True,GA_CALIBRADO_CCC,16,0.7261905,0.7261905,True,29,49,stable_gens_no_improve,0.857143,0.857143,0.857143,150,200,3,0.005,1.0,20,ccc,4
P6,AE_FULL_SURROGATE,OK,0.857143,0.7666666666666666,0.7817460555555554,3.933264,True,True,True,GA_CALIBRADO_CCC,17,0.7817460555555554,0.7817460555555554,True,30,50,stable_gens_no_improve,0.857143,0.857143,0.857143,150,200,3,0.005,1.0,20,ccc,4
P6,AE_FULL_SURROGATE,OK,0.857143,0.7666666666666666,0.7817460555555554,4.210454,True,True,True,GA_CALIBRADO_CCC,18,0.7817460555555554,0.7817460555555554,True,34,54,stable_gens_no_improve,0.857143,0.857143,0.857143,150,200,3,0.005,1.0,20,ccc,4
P6,AE_FULL_SURROGATE,OK,0.8333335,0.7333333333333333,0.7500000277777777,3.163637,True,True,True,GA_CALIBRADO_CCC,19,0.7500000277777777,0.7500000277777777,True,20,40,stable_gens_no_improve,0.857143,0.6428575,0.857143,150,200,3,0.005,1.0,20,ccc,4
P6,AE_FULL_SURROGATE,OK,0.857143,0.7666666666666666,0.7817460555555554,6.684415,True,True,True,GA_CALIBRADO_CCC,20,0.7817460555555554,0.7817460555555554,True,70,90,stable_gens_no_improve,0.857143,0.857143,0.857143,150,200,3,0.005,1.0,20,ccc,4
P6,AE_FULL_SURROGATE,OK,0.857143,0.7666666666666666,0.7817460555555554,3.25156,True,True,True,GA_CALIBRADO_CCC,21,0.7817460555555554,0.7817460555555554,True,18,38,stable_gens_no_improve,0.857143,0.857143,0.857143,150,200,3,0.005,1.0,20,ccc,4
P6,AE_FULL_SURROGATE,OK,0.8333335,0.7333333333333333,0.7500000277777777,4.167681,True,True,True,GA_CALIBRADO_CCC,22,0.7500000277777777,0.7500000277777777,True,31,51,stable_gens_no_improve,0.857143,0.6428575,0.857143,150,200,3,0.005,1.0,20,ccc,4
P6,AE_FULL_SURROGATE,OK,0.857143,0.7,0.7261905,4.994627,True,True,True,GA_CALIBRADO_CCC,23,0.7261905,0.7261905,True,36,56,stable_gens_no_improve,0.857143,0.857143,0.857143,150,200,3,0.005,1.0,20,ccc,4
P6,AE_FULL_SURROGATE,OK,0.8333335,0.7333333333333333,0.7500000277777777,7.017588,True,True,True,GA_CALIBRADO_CCC,24,0.7500000277777777,0.7500000277777777,True,27,47,stable_gens_no_improve,0.857143,0.6428575,0.857143,150,200,3,0.005,1.0,20,ccc,4
P6,AE_FULL_SURROGATE,OK,0.857143,0.7666666666666666,0.7817460555555554,4.03356,True,True,True,GA_CALIBRADO_CCC,25,0.7817460555555554,0.7817460555555554,True,18,38,stable_gens_no_improve,0.857143,0.857143,0.857143,150,200,3,0.005,1.0,20,ccc,4
P6,AE_FULL_SURROGATE,OK,0.8333335,0.7,0.7222222500000001,9.627611,True,True,True,GA_CALIBRADO_CCC,26,0.7222222500000001,0.7222222500000001,True,55,75,stable_gens_no_improve,0.857143,0.6428575,0.857143,150,200,3,0.005,1.0,20,ccc,4
P6,AE_FULL_SURROGATE,OK,0.8333335,0.7333333333333333,0.7500000277777777,9.256814,True,True,True,GA_CALIBRADO_CCC,27,0.7500000277777777,0.7500000277777777,True,37,57,stable_gens_no_improve,0.857143,0.6428575,0.857143,150,200,3,0.005,1.0,20,ccc,4
P6,AE_FULL_SURROGATE,OK,0.857143,0.7666666666666666,0.7817460555555554,5.45604,True,True,True,GA_CALIBRADO_CCC,28,0.7817460555555554,0.7817460555555554,True,30,50,stable_gens_no_improve,0.857143,0.857143,0.857143,150,200,3,0.005,1.0,20,ccc,4
P6,AE_FULL_SURROGATE,OK,0.857143,0.7666666666666666,0.7817460555555554,10.873408,True,True,True,GA_CALIBRADO_CCC,29,0.7817460555555554,0.7817460555555554,True,31,51,stable_gens_no_improve,0.857143,0.857143,0.857143,150,200,3,0.005,1.0,20,ccc,4
P6,AE_FULL_SURROGATE,OK,0.857143,0.7,0.7261905,15.725766,True,True,True,GA_CALIBRADO_CCC,30,0.7261905,0.7261905,True,51,71,stable_gens_no_improve,0.857143,0.857143,0.857143,150,200,3,0.005,1.0,20,ccc,4
P7,AE_FULL_SURROGATE,OK,0.8511906111111112,0.9,0.8593255092592593,9.380033,True,True,True,GA_CALIBRADO_CCC,1,0.8593255092592593,0.8593255092592593,True,22,42,stable_gens_no_improve,0.857143,0.8035715,0.857143,150,200,3,0.005,1.0,20,ccc,4
P7,AE_FULL_SURROGATE,OK,0.8511906111111112,0.9,0.8593255092592593,11.640985,True,True,True,GA_CALIBRADO_CCC,2,0.8593255092592593,0.8593255092592593,True,48,68,stable_gens_no_improve,0.857143,0.8035715,0.857143,150,200,3,0.005,1.0,20,ccc,4
P7,AE_FULL_SURROGATE,OK,0.8511906111111112,0.8666666666666667,0.8537699537037037,8.190172,True,True,True,GA_CALIBRADO_CCC,3,0.8537699537037037,0.8537699537037037,True,21,41,stable_gens_no_improve,0.857143,0.8035715,0.857143,150,200,3,0.005,1.0,20,ccc,4
P7,AE_FULL_SURROGATE,OK,0.8511906111111112,0.9,0.8593255092592593,7.122354,True,True,True,GA_CALIBRADO_CCC,4,0.8593255092592593,0.8593255092592593,True,21,41,stable_gens_no_improve,0.857143,0.8035715,0.857143,150,200,3,0.005,1.0,20,ccc,4
P7,AE_FULL_SURROGATE,OK,0.8511906111111112,0.9,0.8593255092592593,9.396086,True,True,True,GA_CALIBRADO_CCC,5,0.8593255092592593,0.8593255092592593,True,61,81,stable_gens_no_improve,0.857143,0.8035715,0.857143,150,200,3,0.005,1.0,20,ccc,4
P7,AE_FULL_SURROGATE,OK,0.8511906111111112,0.9,0.8593255092592593,6.493734,True,True,True,GA_CALIBRADO_CCC,6,0.8593255092592593,0.8593255092592593,True,34,54,stable_gens_no_improve,0.857143,0.8035715,0.857143,150,200,3,0.005,1.0,20,ccc,4
P7,AE_FULL_SURROGATE,OK,0.8511906111111112,0.9,0.8593255092592593,6.555826,True,True,True,GA_CALIBRADO_CCC,7,0.8593255092592593,0.8593255092592593,True,26,46,stable_gens_no_improve,0.857143,0.8035715,0.857143,150,200,3,0.005,1.0,20,ccc,4
P7,AE_FULL_SURROGATE,OK,0.8511906111111112,0.9,0.8593255092592593,4.322038,True,True,True,GA_CALIBRADO_CCC,8,0.8593255092592593,0.8593255092592593,True,35,55,stable_gens_no_improve,0.857143,0.8035715,0.857143,150,200,3,0.005,1.0,20,ccc,4
P7,AE_FULL_SURROGATE,OK,0.8511906111111112,0.8666666666666667,0.8537699537037037,2.772988,True,True,True,GA_CALIBRADO_CCC,9,0.8537699537037037,0.8537699537037037,True,15,35,stable_gens_no_improve,0.857143,0.8035715,0.857143,150,200,3,0.005,1.0,20,ccc,4
P7,AE_FULL_SURROGATE,OK,0.8511906111111112,0.9,0.8593255092592593,2.943429,True,True,True,GA_CALIBRADO_CCC,10,0.8593255092592593,0.8593255092592593,True,12,32,stable_gens_no_improve,0.857143,0.8035715,0.857143,150,200,3,0.005,1.0,20,ccc,4
P7,AE_FULL_SURROGATE,OK,0.8511906111111112,0.9,0.8593255092592593,5.492028,True,True,True,GA_CALIBRADO_CCC,11,0.8593255092592593,0.8593255092592593,True,51,71,stable_gens_no_improve,0.857143,0.8035715,0.857143,150,200,3,0.005,1.0,20,ccc,4
P7,AE_FULL_SURROGATE,OK,0.8511906111111112,0.9,0.8593255092592593,3.628396,True,True,True,GA_CALIBRADO_CCC,12,0.8593255092592593,0.8593255092592593,True,27,47,stable_gens_no_improve,0.857143,0.8035715,0.857143,150,200,3,0.005,1.0,20,ccc,4
P7,AE_FULL_SURROGATE,OK,0.8511906111111112,0.8666666666666667,0.8537699537037037,2.950688,True,True,True,GA_CALIBRADO_CCC,13,0.8537699537037037,0.8537699537037037,True,13,33,stable_gens_no_improve,0.857143,0.8035715,0.857143,150,200,3,0.005,1.0,20,ccc,4
P7,AE_FULL_SURROGATE,OK,0.857143,0.8333333333333333,0.837301611111111,3.945301,True,True,True,GA_CALIBRADO_CCC,14,0.837301611111111,0.837301611111111,True,28,48,stable_gens_no_improve,0.857143,0.857143,0.857143,150,200,3,0.005,1.0,20,ccc,4
P7,AE_FULL_SURROGATE,OK,0.8511906111111112,0.9,0.8593255092592593,4.638602,True,True,True,GA_CALIBRADO_CCC,15,0.8593255092592593,0.8593255092592593,True,43,63,stable_gens_no_improve,0.857143,0.8035715,0.857143,150,200,3,0.005,1.0,20,ccc,4
P7,AE_FULL_SURROGATE,OK,0.8511906111111112,0.9,0.8593255092592593,4.266835,True,True,True,GA_CALIBRADO_CCC,16,0.8593255092592593,0.8593255092592593,True,28,48,stable_gens_no_improve,0.857143,0.8035715,0.857143,150,200,3,0.005,1.0,20,ccc,4
P7,AE_FULL_SURROGATE,OK,0.8511906111111112,0.9,0.8593255092592593,4.394763,True,True,True,GA_CALIBRADO_CCC,17,0.8593255092592593,0.8593255092592593,True,36,56,stable_gens_no_improve,0.857143,0.8035715,0.857143,150,200,3,0.005,1.0,20,ccc,4
P7,AE_FULL_SURROGATE,OK,0.857143,0.8666666666666667,0.8587302777777778,3.009623,True,True,True,GA_CALIBRADO_CCC,18,0.8587302777777778,0.8587302777777778,True,16,36,stable_gens_no_improve,0.857143,0.857143,0.857143,150,200,3,0.005,1.0,20,ccc,4
P7,AE_FULL_SURROGATE,OK,0.8511906111111112,0.9,0.8593255092592593,3.049246,True,True,True,GA_CALIBRADO_CCC,19,0.8593255092592593,0.8593255092592593,True,15,35,stable_gens_no_improve,0.857143,0.8035715,0.857143,150,200,3,0.005,1.0,20,ccc,4
P7,AE_FULL_SURROGATE,OK,0.8511906111111112,0.9,0.8593255092592593,4.531224,True,True,True,GA_CALIBRADO_CCC,20,0.8593255092592593,0.8593255092592593,True,29,49,stable_gens_no_improve,0.857143,0.8035715,0.857143,150,200,3,0.005,1.0,20,ccc,4
P7,AE_FULL_SURROGATE,OK,0.8511906111111112,0.9,0.8593255092592593,6.430978,True,True,True,GA_CALIBRADO_CCC,21,0.8593255092592593,0.8593255092592593,True,57,77,stable_gens_no_improve,0.857143,0.8035715,0.857143,150,200,3,0.005,1.0,20,ccc,4
P7,AE_FULL_SURROGATE,OK,0.8511906111111112,0.9,0.8593255092592593,3.848581,True,True,True,GA_CALIBRADO_CCC,22,0.8593255092592593,0.8593255092592593,True,34,54,stable_gens_no_improve,0.857143,0.8035715,0.857143,150,200,3,0.005,1.0,20,ccc,4
P7,AE_FULL_SURROGATE,OK,0.8511906111111112,0.9,0.8593255092592593,3.382265,True,True,True,GA_CALIBRADO_CCC,23,0.8593255092592593,0.8593255092592593,True,16,36,stable_gens_no_improve,0.857143,0.8035715,0.857143,150,200,3,0.005,1.0,20,ccc,4
P7,AE_FULL_SURROGATE,OK,0.8511906111111112,0.9,0.8593255092592593,2.476674,True,True,True,GA_CALIBRADO_CCC,24,0.8593255092592593,0.8593255092592593,True,9,29,stable_gens_no_improve,0.857143,0.8035715,0.857143,150,200,3,0.005,1.0,20,ccc,4
P7,AE_FULL_SURROGATE,OK,0.8511906111111112,0.9,0.8593255092592593,6.147516,True,True,True,GA_CALIBRADO_CCC,25,0.8593255092592593,0.8593255092592593,True,63,83,stable_gens_no_improve,0.857143,0.8035715,0.857143,150,200,3,0.005,1.0,20,ccc,4
P7,AE_FULL_SURROGATE,OK,0.8511906111111112,0.9,0.8593255092592593,4.003363,True,True,True,GA_CALIBRADO_CCC,26,0.8593255092592593,0.8593255092592593,True,30,50,stable_gens_no_improve,0.857143,0.8035715,0.857143,150,200,3,0.005,1.0,20,ccc,4
P7,AE_FULL_SURROGATE,OK,0.8511906111111112,0.9,0.8593255092592593,3.810192,True,True,True,GA_CALIBRADO_CCC,27,0.8593255092592593,0.8593255092592593,True,29,49,stable_gens_no_improve,0.857143,0.8035715,0.857143,150,200,3,0.005,1.0,20,ccc,4
P7,AE_FULL_SURROGATE,OK,0.8511906111111112,0.9,0.8593255092592593,2.30395,True,True,True,GA_CALIBRADO_CCC,28,0.8593255092592593,0.8593255092592593,True,7,27,stable_gens_no_improve,0.857143,0.8035715,0.857143,150,200,3,0.005,1.0,20,ccc,4
P7,AE_FULL_SURROGATE,OK,0.8511906111111112,0.9,0.8593255092592593,5.045408,True,True,True,GA_CALIBRADO_CCC,29,0.8593255092592593,0.8593255092592593,True,47,67,stable_gens_no_improve,0.857143,0.8035715,0.857143,150,200,3,0.005,1.0,20,ccc,4
P7,AE_FULL_SURROGATE,OK,0.8511906111111112,0.9,0.8593255092592593,3.578107,True,True,True,GA_CALIBRADO_CCC,30,0.8593255092592593,0.8593255092592593,True,25,45,stable_gens_no_improve,0.857143,0.8035715,0.857143,150,200,3,0.005,1.0,20,ccc,4
P8,AE_FULL_SURROGATE,OK,0.8492065,0.9,0.8576720833333334,6.383076,True,True,True,GA_CALIBRADO_CCC,1,0.8576720833333334,0.8576720833333334,True,60,80,stable_gens_no_improve,0.857143,0.7857145,0.857143,150,200,3,0.005,1.0,20,ccc,4
P8,AE_FULL_SURROGATE,OK,0.857143,0.7333333333333334,0.7539682777777778,3.157042,True,True,True,GA_CALIBRADO_CCC,2,0.7539682777777778,0.7539682777777778,True,18,38,stable_gens_no_improve,0.857143,0.857143,0.857143,150,200,3,0.005,1.0,20,ccc,4
P8,AE_FULL_SURROGATE,OK,0.8492065,0.9,0.8576720833333334,3.289161,True,True,True,GA_CALIBRADO_CCC,3,0.8576720833333334,0.8576720833333334,True,17,37,stable_gens_no_improve,0.857143,0.7857145,0.857143,150,200,3,0.005,1.0,20,ccc,4
P8,AE_FULL_SURROGATE,OK,0.8492065,0.9,0.8576720833333334,4.981891,True,True,True,GA_CALIBRADO_CCC,4,0.8576720833333334,0.8576720833333334,True,40,60,stable_gens_no_improve,0.857143,0.7857145,0.857143,150,200,3,0.005,1.0,20,ccc,4
P8,AE_FULL_SURROGATE,OK,0.6825399999999999,0.8333333333333333,0.7076722222222221,4.420444,True,True,True,GA_CALIBRADO_CCC,5,0.7076722222222221,0.7076722222222221,True,40,60,stable_gens_no_improve,0.6428575,1.0,0.6428575,150,200,3,0.005,1.0,20,ccc,4
P8,AE_FULL_SURROGATE,OK,0.857143,0.7333333333333334,0.7539682777777778,4.755108,True,True,True,GA_CALIBRADO_CCC,6,0.7539682777777778,0.7539682777777778,True,41,61,stable_gens_no_improve,0.857143,0.857143,0.857143,150,200,3,0.005,1.0,20,ccc,4
P8,AE_FULL_SURROGATE,OK,0.873016,0.8333333333333334,0.8399471111111111,4.075628,True,True,True,GA_CALIBRADO_CCC,7,0.8399471111111111,0.8399471111111111,True,17,37,stable_gens_no_improve,0.857143,1.0,0.857143,150,200,3,0.005,1.0,20,ccc,4
P8,AE_FULL_SURROGATE,OK,0.8492065,0.9,0.8576720833333334,4.365447,True,True,True,GA_CALIBRADO_CCC,8,0.8576720833333334,0.8576720833333334,True,11,31,stable_gens_no_improve,0.857143,0.7857145,0.857143,150,200,3,0.005,1.0,20,ccc,4
P8,AE_FULL_SURROGATE,OK,0.8492065,0.9,0.8576720833333334,5.329335,True,True,True,GA_CALIBRADO_CCC,9,0.8576720833333334,0.8576720833333334,True,30,50,stable_gens_no_improve,0.857143,0.7857145,0.857143,150,200,3,0.005,1.0,20,ccc,4
P8,AE_FULL_SURROGATE,OK,0.8492065,0.7999999999999999,0.8082010833333332,3.769398,True,True,True,GA_CALIBRADO_CCC,10,0.8082010833333332,0.8082010833333332,True,18,38,stable_gens_no_improve,0.857143,0.7857145,0.857143,150,200,3,0.005,1.0,20,ccc,4
P8,AE_FULL_SURROGATE,OK,0.7321431111111111,0.7333333333333334,0.7323414814814816,4.471491,True,True,True,GA_CALIBRADO_CCC,11,0.7323414814814816,0.7323414814814816,True,25,45,stable_gens_no_improve,0.857143,0.8035715,0.6428575,150,200,3,0.005,1.0,20,ccc,4
P8,AE_FULL_SURROGATE,OK,0.857143,0.7333333333333334,0.7539682777777778,5.758566,True,True,True,GA_CALIBRADO_CCC,12,0.7539682777777778,0.7539682777777778,True,40,60,stable_gens_no_improve,0.857143,0.857143,0.857143,150,200,3,0.005,1.0,20,ccc,4
P8,AE_FULL_SURROGATE,OK,0.7380955,0.7666666666666666,0.7428573611111111,4.068115,True,True,True,GA_CALIBRADO_CCC,13,0.7428573611111111,0.7428573611111111,True,24,44,stable_gens_no_improve,0.857143,0.857143,0.6428575,150,200,3,0.005,1.0,20,ccc,4
P8,AE_FULL_SURROGATE,OK,0.7539684999999999,0.8333333333333334,0.7671959722222222,5.700592,True,True,True,GA_CALIBRADO_CCC,14,0.7671959722222222,0.7671959722222222,True,53,73,stable_gens_no_improve,0.857143,1.0,0.6428575,150,200,3,0.005,1.0,20,ccc,4
P8,AE_FULL_SURROGATE,OK,0.873016,0.8333333333333334,0.8399471111111111,4.393779,True,True,True,GA_CALIBRADO_CCC,15,0.8399471111111111,0.8399471111111111,True,25,45,stable_gens_no_improve,0.857143,1.0,0.857143,150,200,3,0.005,1.0,20,ccc,4
P8,AE_FULL_SURROGATE,OK,0.8492065,0.9,0.8576720833333334,5.805794,True,True,True,GA_CALIBRADO_CCC,16,0.8576720833333334,0.8576720833333334,True,29,49,stable_gens_no_improve,0.857143,0.7857145,0.857143,150,200,3,0.005,1.0,20,ccc,4
P8,AE_FULL_SURROGATE,OK,0.857143,0.7333333333333334,0.7539682777777778,6.158486,True,True,True,GA_CALIBRADO_CCC,17,0.7539682777777778,0.7539682777777778,True,23,43,stable_gens_no_improve,0.857143,0.857143,0.857143,150,200,3,0.005,1.0,20,ccc,4
P8,AE_FULL_SURROGATE,OK,0.8492065,0.9,0.8576720833333334,6.543126,True,True,True,GA_CALIBRADO_CCC,18,0.8576720833333334,0.8576720833333334,True,25,45,stable_gens_no_improve,0.857143,0.7857145,0.857143,150,200,3,0.005,1.0,20,ccc,4
P8,AE_FULL_SURROGATE,OK,0.7380955,0.7333333333333334,0.7341270277777778,6.796882,True,True,True,GA_CALIBRADO_CCC,19,0.7341270277777778,0.7341270277777778,True,44,64,stable_gens_no_improve,0.857143,0.857143,0.6428575,150,200,3,0.005,1.0,20,ccc,4
P8,AE_FULL_SURROGATE,OK,0.7380955,0.8,0.7484129166666666,4.677917,True,True,True,GA_CALIBRADO_CCC,20,0.7484129166666666,0.7484129166666666,True,18,38,stable_gens_no_improve,0.857143,0.857143,0.6428575,150,200,3,0.005,1.0,20,ccc,4
P8,AE_FULL_SURROGATE,OK,0.857143,0.7333333333333334,0.7539682777777778,12.07778,True,True,True,GA_CALIBRADO_CCC,21,0.7539682777777778,0.7539682777777778,True,22,42,stable_gens_no_improve,0.857143,0.857143,0.857143,150,200,3,0.005,1.0,20,ccc,4
P8,AE_FULL_SURROGATE,OK,0.857143,0.7,0.7261905,12.350327,True,True,True,GA_CALIBRADO_CCC,22,0.7261905,0.7261905,True,28,48,stable_gens_no_improve,0.857143,0.857143,0.857143,150,200,3,0.005,1.0,20,ccc,4
P8,AE_FULL_SURROGATE,OK,0.857143,0.7333333333333334,0.7539682777777778,12.023342,True,True,True,GA_CALIBRADO_CCC,23,0.7539682777777778,0.7539682777777778,True,31,51,stable_gens_no_improve,0.857143,0.857143,0.857143,150,200,3,0.005,1.0,20,ccc,4
P8,AE_FULL_SURROGATE,OK,0.857143,0.7333333333333334,0.7539682777777778,11.473725,True,True,True,GA_CALIBRADO_CCC,24,0.7539682777777778,0.7539682777777778,True,23,43,stable_gens_no_improve,0.857143,0.857143,0.857143,150,200,3,0.005,1.0,20,ccc,4
P8,AE_FULL_SURROGATE,OK,0.857143,0.7333333333333334,0.7539682777777778,11.878719,True,True,True,GA_CALIBRADO_CCC,25,0.7539682777777778,0.7539682777777778,True,34,54,stable_gens_no_improve,0.857143,0.857143,0.857143,150,200,3,0.005,1.0,20,ccc,4
P8,AE_FULL_SURROGATE,OK,0.8492065,0.9,0.8576720833333334,12.884313,True,True,True,GA_CALIBRADO_CCC,26,0.8576720833333334,0.8576720833333334,True,30,50,stable_gens_no_improve,0.857143,0.7857145,0.857143,150,200,3,0.005,1.0,20,ccc,4
P8,AE_FULL_SURROGATE,OK,0.8492065,0.9,0.8576720833333334,13.922061,True,True,True,GA_CALIBRADO_CCC,27,0.8576720833333334,0.8576720833333334,True,45,65,stable_gens_no_improve,0.857143,0.7857145,0.857143,150,200,3,0.005,1.0,20,ccc,4
P8,AE_FULL_SURROGATE,OK,0.7321431111111111,0.7333333333333333,0.7323414814814814,9.50681,True,True,True,GA_CALIBRADO_CCC,28,0.7323414814814814,0.7323414814814814,True,25,45,stable_gens_no_improve,0.857143,0.8035715,0.6428575,150,200,3,0.005,1.0,20,ccc,4
P8,AE_FULL_SURROGATE,OK,0.7380955,0.7333333333333334,0.7341270277777778,12.592349,True,True,True,GA_CALIBRADO_CCC,29,0.7341270277777778,0.7341270277777778,True,32,52,stable_gens_no_improve,0.857143,0.857143,0.6428575,150,200,3,0.005,1.0,20,ccc,4
P8,AE_FULL_SURROGATE,OK,0.8492065,0.9,0.8576720833333334,6.97497,True,True,True,GA_CALIBRADO_CCC,30,0.8576720833333334,0.8576720833333334,True,17,37,stable_gens_no_improve,0.857143,0.7857145,0.857143,150,200,3,0.005,1.0,20,ccc,4
P9,AE_FULL_SURROGATE,OK,0.873016,0.8666666666666667,0.867724888888889,14.97913,True,True,True,GA_CALIBRADO_CCC,1,0.867724888888889,0.867724888888889,True,38,58,stable_gens_no_improve,0.857143,0.6428575,0.9285715,150,200,3,0.005,1.0,20,ccc,4
P9,AE_FULL_SURROGATE,OK,0.873016,0.8666666666666667,0.867724888888889,10.774097,True,True,True,GA_CALIBRADO_CCC,2,0.867724888888889,0.867724888888889,True,17,37,stable_gens_no_improve,0.857143,0.6428575,0.9285715,150,200,3,0.005,1.0,20,ccc,4
P9,AE_FULL_SURROGATE,OK,0.873016,0.8666666666666667,0.867724888888889,5.307533,True,True,True,GA_CALIBRADO_CCC,3,0.867724888888889,0.867724888888889,True,24,44,stable_gens_no_improve,0.857143,0.6428575,0.9285715,150,200,3,0.005,1.0,20,ccc,4
P9,AE_FULL_SURROGATE,OK,0.873016,0.8666666666666667,0.867724888888889,8.084218,True,True,True,GA_CALIBRADO_CCC,4,0.867724888888889,0.867724888888889,True,30,50,stable_gens_no_improve,0.857143,0.6428575,0.9285715,150,200,3,0.005,1.0,20,ccc,4
P9,AE_FULL_SURROGATE,OK,0.857143,0.8333333333333333,0.837301611111111,7.53245,True,True,True,GA_CALIBRADO_CCC,5,0.837301611111111,0.837301611111111,True,29,49,stable_gens_no_improve,0.857143,0.857143,0.857143,150,200,3,0.005,1.0,20,ccc,4
P9,AE_FULL_SURROGATE,OK,0.873016,0.8666666666666667,0.867724888888889,7.713373,True,True,True,GA_CALIBRADO_CCC,6,0.867724888888889,0.867724888888889,True,60,80,stable_gens_no_improve,0.857143,0.6428575,0.9285715,150,200,3,0.005,1.0,20,ccc,4
P9,AE_FULL_SURROGATE,OK,0.857143,0.8333333333333333,0.837301611111111,6.215397,True,True,True,GA_CALIBRADO_CCC,7,0.837301611111111,0.837301611111111,True,46,66,stable_gens_no_improve,0.857143,0.857143,0.857143,150,200,3,0.005,1.0,20,ccc,4
P9,AE_FULL_SURROGATE,OK,0.857143,0.8666666666666667,0.8587302777777778,13.965235,True,True,True,GA_CALIBRADO_CCC,8,0.8587302777777778,0.8587302777777778,True,39,59,stable_gens_no_improve,0.857143,0.857143,0.857143,150,200,3,0.005,1.0,20,ccc,4
P9,AE_FULL_SURROGATE,OK,0.857143,0.8666666666666667,0.8587302777777778,12.065425,True,True,True,GA_CALIBRADO_CCC,9,0.8587302777777778,0.8587302777777778,True,38,58,stable_gens_no_improve,0.857143,0.857143,0.857143,150,200,3,0.005,1.0,20,ccc,4
P9,AE_FULL_SURROGATE,OK,0.8333335,0.8,0.8055555833333333,7.328447,True,True,True,GA_CALIBRADO_CCC,10,0.8055555833333333,0.8055555833333333,True,19,39,stable_gens_no_improve,0.857143,0.6428575,0.857143,150,200,3,0.005,1.0,20,ccc,4
P9,AE_FULL_SURROGATE,OK,0.873016,0.8666666666666667,0.867724888888889,11.483552,True,True,True,GA_CALIBRADO_CCC,11,0.867724888888889,0.867724888888889,True,34,54,stable_gens_no_improve,0.857143,0.6428575,0.9285715,150,200,3,0.005,1.0,20,ccc,4
P9,AE_FULL_SURROGATE,OK,0.873016,0.8666666666666667,0.867724888888889,9.659211,True,True,True,GA_CALIBRADO_CCC,12,0.867724888888889,0.867724888888889,True,29,49,stable_gens_no_improve,0.857143,0.6428575,0.9285715,150,200,3,0.005,1.0,20,ccc,4
P9,AE_FULL_SURROGATE,OK,0.873016,0.8666666666666667,0.867724888888889,5.781998,True,True,True,GA_CALIBRADO_CCC,13,0.867724888888889,0.867724888888889,True,25,45,stable_gens_no_improve,0.857143,0.6428575,0.9285715,150,200,3,0.005,1.0,20,ccc,4
P9,AE_FULL_SURROGATE,OK,0.873016,0.8666666666666667,0.867724888888889,18.009917,True,True,True,GA_CALIBRADO_CCC,14,0.867724888888889,0.867724888888889,True,69,89,stable_gens_no_improve,0.857143,0.6428575,0.9285715,150,200,3,0.005,1.0,20,ccc,4
P9,AE_FULL_SURROGATE,OK,0.857143,0.8666666666666667,0.8587302777777778,4.218358,True,True,True,GA_CALIBRADO_CCC,15,0.8587302777777778,0.8587302777777778,True,21,41,stable_gens_no_improve,0.857143,0.857143,0.857143,150,200,3,0.005,1.0,20,ccc,4
P9,AE_FULL_SURROGATE,OK,0.8492065,0.8666666666666667,0.8521165277777779,6.995379,True,True,True,GA_CALIBRADO_CCC,16,0.8521165277777779,0.8521165277777779,True,32,52,stable_gens_no_improve,0.857143,0.428572,0.9285715,150,200,3,0.005,1.0,20,ccc,4
P9,AE_FULL_SURROGATE,OK,0.873016,0.8666666666666667,0.867724888888889,5.36269,True,True,True,GA_CALIBRADO_CCC,17,0.867724888888889,0.867724888888889,True,29,49,stable_gens_no_improve,0.857143,0.6428575,0.9285715,150,200,3,0.005,1.0,20,ccc,4
P9,AE_FULL_SURROGATE,OK,0.857143,0.8666666666666667,0.8587302777777778,6.109066,True,True,True,GA_CALIBRADO_CCC,18,0.8587302777777778,0.8587302777777778,True,43,63,stable_gens_no_improve,0.857143,0.857143,0.857143,150,200,3,0.005,1.0,20,ccc,4
P9,AE_FULL_SURROGATE,OK,0.857143,0.8333333333333333,0.837301611111111,5.480316,True,True,True,GA_CALIBRADO_CCC,19,0.837301611111111,0.837301611111111,True,27,47,stable_gens_no_improve,0.857143,0.857143,0.857143,150,200,3,0.005,1.0,20,ccc,4
P9,AE_FULL_SURROGATE,OK,0.873016,0.8666666666666667,0.867724888888889,7.457432,True,True,True,GA_CALIBRADO_CCC,20,0.867724888888889,0.867724888888889,True,48,68,stable_gens_no_improve,0.857143,0.6428575,0.9285715,150,200,3,0.005,1.0,20,ccc,4
P9,AE_FULL_SURROGATE,OK,0.873016,0.8666666666666667,0.867724888888889,5.074411,True,True,True,GA_CALIBRADO_CCC,21,0.867724888888889,0.867724888888889,True,26,46,stable_gens_no_improve,0.857143,0.6428575,0.9285715,150,200,3,0.005,1.0,20,ccc,4
P9,AE_FULL_SURROGATE,OK,0.873016,0.8666666666666667,0.867724888888889,6.145752,True,True,True,GA_CALIBRADO_CCC,22,0.867724888888889,0.867724888888889,True,34,54,stable_gens_no_improve,0.857143,0.6428575,0.9285715,150,200,3,0.005,1.0,20,ccc,4
P9,AE_FULL_SURROGATE,OK,0.873016,0.8666666666666667,0.867724888888889,12.55326,True,True,True,GA_CALIBRADO_CCC,23,0.867724888888889,0.867724888888889,True,53,73,stable_gens_no_improve,0.857143,0.6428575,0.9285715,150,200,3,0.005,1.0,20,ccc,4
P9,AE_FULL_SURROGATE,OK,0.873016,0.8333333333333333,0.839947111111111,11.245957,True,True,True,GA_CALIBRADO_CCC,24,0.839947111111111,0.839947111111111,True,21,41,stable_gens_no_improve,0.857143,0.6428575,0.9285715,150,200,3,0.005,1.0,20,ccc,4
P9,AE_FULL_SURROGATE,OK,0.857143,0.8333333333333333,0.837301611111111,9.503146,True,True,True,GA_CALIBRADO_CCC,25,0.837301611111111,0.837301611111111,True,20,40,stable_gens_no_improve,0.857143,0.857143,0.857143,150,200,3,0.005,1.0,20,ccc,4
P9,AE_FULL_SURROGATE,OK,0.873016,0.8666666666666667,0.867724888888889,7.590014,True,True,True,GA_CALIBRADO_CCC,26,0.867724888888889,0.867724888888889,True,26,46,stable_gens_no_improve,0.857143,0.6428575,0.9285715,150,200,3,0.005,1.0,20,ccc,4
P9,AE_FULL_SURROGATE,OK,0.857143,0.7333333333333334,0.7539682777777778,5.054163,True,True,True,GA_CALIBRADO_CCC,27,0.7539682777777778,0.7539682777777778,True,37,57,stable_gens_no_improve,0.857143,0.857143,0.857143,150,200,3,0.005,1.0,20,ccc,4
P9,AE_FULL_SURROGATE,OK,0.857143,0.8666666666666667,0.8587302777777778,4.762249,True,True,True,GA_CALIBRADO_CCC,28,0.8587302777777778,0.8587302777777778,True,27,47,stable_gens_no_improve,0.857143,0.857143,0.857143,150,200,3,0.005,1.0,20,ccc,4
P9,AE_FULL_SURROGATE,OK,0.857143,0.8666666666666667,0.8587302777777778,3.875504,True,True,True,GA_CALIBRADO_CCC,29,0.8587302777777778,0.8587302777777778,True,19,39,stable_gens_no_improve,0.857143,0.857143,0.857143,150,200,3,0.005,1.0,20,ccc,4
P9,AE_FULL_SURROGATE,OK,0.873016,0.8666666666666667,0.867724888888889,3.000309,True,True,True,GA_CALIBRADO_CCC,30,0.867724888888889,0.867724888888889,True,10,30,stable_gens_no_improve,0.857143,0.6428575,0.9285715,150,200,3,0.005,1.0,20,ccc,4
P10,AE_FULL_SURROGATE,OK,0.8650795,0.9,0.8708995833333334,3.652698,True,True,True,GA_CALIBRADO_CCC,1,0.8708995833333334,0.8708995833333334,True,17,37,stable_gens_no_improve,0.857143,0.9285715,0.857143,150,200,3,0.005,1.0,20,ccc,4
P10,AE_FULL_SURROGATE,OK,0.8650795,0.9,0.8708995833333334,3.373407,True,True,True,GA_CALIBRADO_CCC,2,0.8708995833333334,0.8708995833333334,True,17,37,stable_gens_no_improve,0.857143,0.9285715,0.857143,150,200,3,0.005,1.0,20,ccc,4
P10,AE_FULL_SURROGATE,OK,0.8650795,0.9,0.8708995833333334,3.021274,True,True,True,GA_CALIBRADO_CCC,3,0.8708995833333334,0.8708995833333334,True,10,30,stable_gens_no_improve,0.857143,0.9285715,0.857143,150,200,3,0.005,1.0,20,ccc,4
P10,AE_FULL_SURROGATE,OK,0.8650795,0.9,0.8708995833333334,3.467954,True,True,True,GA_CALIBRADO_CCC,4,0.8708995833333334,0.8708995833333334,True,18,38,stable_gens_no_improve,0.857143,0.9285715,0.857143,150,200,3,0.005,1.0,20,ccc,4
P10,AE_FULL_SURROGATE,OK,0.8650795,0.9,0.8708995833333334,4.161315,True,True,True,GA_CALIBRADO_CCC,5,0.8708995833333334,0.8708995833333334,True,29,49,stable_gens_no_improve,0.857143,0.9285715,0.857143,150,200,3,0.005,1.0,20,ccc,4
P10,AE_FULL_SURROGATE,OK,0.9047620000000001,0.9,0.9007936666666666,4.901043,True,True,True,GA_CALIBRADO_CCC,6,0.9007936666666666,0.9007936666666666,True,36,56,stable_gens_no_improve,0.857143,0.9285715,0.9285715,150,200,3,0.005,1.0,20,ccc,4
P10,AE_FULL_SURROGATE,OK,0.9047620000000001,0.9,0.9007936666666666,5.31466,True,True,True,GA_CALIBRADO_CCC,7,0.9007936666666666,0.9007936666666666,True,42,62,stable_gens_no_improve,0.857143,0.9285715,0.9285715,150,200,3,0.005,1.0,20,ccc,4
P10,AE_FULL_SURROGATE,OK,0.9047620000000001,0.8,0.8174603333333333,3.323982,True,True,True,GA_CALIBRADO_CCC,8,0.8174603333333333,0.8174603333333333,True,22,42,stable_gens_no_improve,0.857143,0.9285715,0.9285715,150,200,3,0.005,1.0,20,ccc,4
P10,AE_FULL_SURROGATE,OK,0.8650795,0.8666666666666667,0.8653440277777777,4.109036,True,True,True,GA_CALIBRADO_CCC,9,0.8653440277777777,0.8653440277777777,True,26,46,stable_gens_no_improve,0.857143,0.9285715,0.857143,150,200,3,0.005,1.0,20,ccc,4
P10,AE_FULL_SURROGATE,OK,0.9047620000000001,0.9,0.9007936666666666,4.254531,True,True,True,GA_CALIBRADO_CCC,10,0.9007936666666666,0.9007936666666666,True,29,49,stable_gens_no_improve,0.857143,0.9285715,0.9285715,150,200,3,0.005,1.0,20,ccc,4
P10,AE_FULL_SURROGATE,OK,0.9047620000000001,0.9,0.9007936666666666,4.215543,True,True,True,GA_CALIBRADO_CCC,11,0.9007936666666666,0.9007936666666666,True,37,57,stable_gens_no_improve,0.857143,0.9285715,0.9285715,150,200,3,0.005,1.0,20,ccc,4
P10,AE_FULL_SURROGATE,OK,0.9047620000000001,0.9,0.9007936666666666,4.700986,True,True,True,GA_CALIBRADO_CCC,12,0.9007936666666666,0.9007936666666666,True,36,56,stable_gens_no_improve,0.857143,0.9285715,0.9285715,150,200,3,0.005,1.0,20,ccc,4
P10,AE_FULL_SURROGATE,OK,0.9047620000000001,0.9,0.9007936666666666,6.931504,True,True,True,GA_CALIBRADO_CCC,13,0.9007936666666666,0.9007936666666666,True,85,105,stable_gens_no_improve,0.857143,0.9285715,0.9285715,150,200,3,0.005,1.0,20,ccc,4
P10,AE_FULL_SURROGATE,OK,0.8650795,0.8666666666666667,0.8653440277777777,2.61386,True,True,True,GA_CALIBRADO_CCC,14,0.8653440277777777,0.8653440277777777,True,7,27,stable_gens_no_improve,0.857143,0.9285715,0.857143,150,200,3,0.005,1.0,20,ccc,4
P10,AE_FULL_SURROGATE,OK,0.9047620000000001,0.9,0.9007936666666666,4.482059,True,True,True,GA_CALIBRADO_CCC,15,0.9007936666666666,0.9007936666666666,True,39,59,stable_gens_no_improve,0.857143,0.9285715,0.9285715,150,200,3,0.005,1.0,20,ccc,4
P10,AE_FULL_SURROGATE,OK,0.9047620000000001,0.9,0.9007936666666666,4.911062,True,True,True,GA_CALIBRADO_CCC,16,0.9007936666666666,0.9007936666666666,True,49,69,stable_gens_no_improve,0.857143,0.9285715,0.9285715,150,200,3,0.005,1.0,20,ccc,4
P10,AE_FULL_SURROGATE,OK,0.8650795,0.9,0.8708995833333334,4.043607,True,True,True,GA_CALIBRADO_CCC,17,0.8708995833333334,0.8708995833333334,True,31,51,stable_gens_no_improve,0.857143,0.9285715,0.857143,150,200,3,0.005,1.0,20,ccc,4
P10,AE_FULL_SURROGATE,OK,0.8650795,0.9,0.8708995833333334,2.891521,True,True,True,GA_CALIBRADO_CCC,18,0.8708995833333334,0.8708995833333334,True,13,33,stable_gens_no_improve,0.857143,0.9285715,0.857143,150,200,3,0.005,1.0,20,ccc,4
P10,AE_FULL_SURROGATE,OK,0.857143,0.9,0.8642858333333333,4.405347,True,True,True,GA_CALIBRADO_CCC,19,0.8642858333333333,0.8642858333333333,True,38,58,stable_gens_no_improve,0.857143,0.857143,0.857143,150,200,3,0.005,1.0,20,ccc,4
P10,AE_FULL_SURROGATE,OK,0.9047620000000001,0.9,0.9007936666666666,4.737007,True,True,True,GA_CALIBRADO_CCC,20,0.9007936666666666,0.9007936666666666,True,42,62,stable_gens_no_improve,0.857143,0.9285715,0.9285715,150,200,3,0.005,1.0,20,ccc,4
P10,AE_FULL_SURROGATE,OK,0.8650795,0.8666666666666667,0.8653440277777777,3.09648,True,True,True,GA_CALIBRADO_CCC,21,0.8653440277777777,0.8653440277777777,True,13,33,stable_gens_no_improve,0.857143,0.9285715,0.857143,150,200,3,0.005,1.0,20,ccc,4
P10,AE_FULL_SURROGATE,OK,0.9047620000000001,0.9,0.9007936666666666,5.980895,True,True,True,GA_CALIBRADO_CCC,22,0.9007936666666666,0.9007936666666666,True,60,80,stable_gens_no_improve,0.857143,0.9285715,0.9285715,150,200,3,0.005,1.0,20,ccc,4
P10,AE_FULL_SURROGATE,OK,0.8650795,0.9,0.8708995833333334,3.645787,True,True,True,GA_CALIBRADO_CCC,23,0.8708995833333334,0.8708995833333334,True,26,46,stable_gens_no_improve,0.857143,0.9285715,0.857143,150,200,3,0.005,1.0,20,ccc,4
P10,AE_FULL_SURROGATE,OK,0.8650795,0.8666666666666667,0.8653440277777777,2.626664,True,True,True,GA_CALIBRADO_CCC,24,0.8653440277777777,0.8653440277777777,True,9,29,stable_gens_no_improve,0.857143,0.9285715,0.857143,150,200,3,0.005,1.0,20,ccc,4
P10,AE_FULL_SURROGATE,OK,0.9047620000000001,0.9,0.9007936666666666,4.192318,True,True,True,GA_CALIBRADO_CCC,25,0.9007936666666666,0.9007936666666666,True,31,51,stable_gens_no_improve,0.857143,0.9285715,0.9285715,150,200,3,0.005,1.0,20,ccc,4
P10,AE_FULL_SURROGATE,OK,0.7857145,0.8333333333333333,0.7936509722222223,3.80159,True,True,True,GA_CALIBRADO_CCC,26,0.7936509722222223,0.7936509722222223,True,28,48,stable_gens_no_improve,0.857143,0.9285715,0.714286,150,200,3,0.005,1.0,20,ccc,4
P10,AE_FULL_SURROGATE,OK,0.8650795,0.9,0.8708995833333334,3.882042,True,True,True,GA_CALIBRADO_CCC,27,0.8708995833333334,0.8708995833333334,True,23,43,stable_gens_no_improve,0.857143,0.9285715,0.857143,150,200,3,0.005,1.0,20,ccc,4
P10,AE_FULL_SURROGATE,OK,0.8650795,0.9,0.8708995833333334,2.288005,True,True,True,GA_CALIBRADO_CCC,28,0.8708995833333334,0.8708995833333334,True,9,29,stable_gens_no_improve,0.857143,0.9285715,0.857143,150,200,3,0.005,1.0,20,ccc,4
P10,AE_FULL_SURROGATE,OK,0.857143,0.9,0.8642858333333333,2.824865,True,True,True,GA_CALIBRADO_CCC,29,0.8642858333333333,0.8642858333333333,True,8,28,stable_gens_no_improve,0.857143,0.857143,0.857143,150,200,3,0.005,1.0,20,ccc,4
P10,AE_FULL_SURROGATE,OK,0.8650795,0.9,0.8708995833333334,2.95637,True,True,True,GA_CALIBRADO_CCC,30,0.8708995833333334,0.8708995833333334,True,17,37,stable_gens_no_improve,0.857143,0.9285715,0.857143,150,200,3,0.005,1.0,20,ccc,4
P11,AE_FULL_SURROGATE,OK,0.84127,0.7666666666666666,0.7791005555555555,4.910799,True,True,True,GA_CALIBRADO_CCC,1,0.7791005555555555,0.7791005555555555,True,41,61,stable_gens_no_improve,0.857143,0.714286,0.857143,150,200,3,0.005,1.0,20,ccc,4
P11,AE_FULL_SURROGATE,OK,0.84127,0.7333333333333334,0.7513227777777778,2.701163,True,True,True,GA_CALIBRADO_CCC,2,0.7513227777777778,0.7513227777777778,True,13,33,stable_gens_no_improve,0.857143,0.714286,0.857143,150,200,3,0.005,1.0,20,ccc,4
P11,AE_FULL_SURROGATE,OK,0.84127,0.7999999999999999,0.8068783333333333,4.337043,True,True,True,GA_CALIBRADO_CCC,3,0.8068783333333333,0.8068783333333333,True,36,56,stable_gens_no_improve,0.857143,0.714286,0.857143,150,200,3,0.005,1.0,20,ccc,4
P11,AE_FULL_SURROGATE,OK,0.84127,0.7999999999999999,0.8068783333333333,3.929822,True,True,True,GA_CALIBRADO_CCC,4,0.8068783333333333,0.8068783333333333,True,25,45,stable_gens_no_improve,0.857143,0.714286,0.857143,150,200,3,0.005,1.0,20,ccc,4
P11,AE_FULL_SURROGATE,OK,0.84127,0.7999999999999999,0.8068783333333333,6.131554,True,True,True,GA_CALIBRADO_CCC,5,0.8068783333333333,0.8068783333333333,True,61,81,stable_gens_no_improve,0.857143,0.714286,0.857143,150,200,3,0.005,1.0,20,ccc,4
P11,AE_FULL_SURROGATE,OK,0.84127,0.7999999999999999,0.8068783333333333,7.311592,True,True,True,GA_CALIBRADO_CCC,6,0.8068783333333333,0.8068783333333333,True,47,67,stable_gens_no_improve,0.857143,0.714286,0.857143,150,200,3,0.005,1.0,20,ccc,4
P11,AE_FULL_SURROGATE,OK,0.84127,0.8333333333333334,0.8346561111111112,6.561366,True,True,True,GA_CALIBRADO_CCC,7,0.8346561111111112,0.8346561111111112,True,25,45,stable_gens_no_improve,0.857143,0.714286,0.857143,150,200,3,0.005,1.0,20,ccc,4
P11,AE_FULL_SURROGATE,OK,0.84127,0.7999999999999999,0.8068783333333333,6.118065,True,True,True,GA_CALIBRADO_CCC,8,0.8068783333333333,0.8068783333333333,True,23,43,stable_gens_no_improve,0.857143,0.714286,0.857143,150,200,3,0.005,1.0,20,ccc,4
P11,AE_FULL_SURROGATE,OK,0.7222225,0.9,0.7518520833333334,9.831713,True,True,True,GA_CALIBRADO_CCC,9,0.7518520833333334,0.7518520833333334,True,48,68,stable_gens_no_improve,0.857143,0.714286,0.6428575,150,200,3,0.005,1.0,20,ccc,4
P11,AE_FULL_SURROGATE,OK,0.873016,0.7666666666666666,0.7843915555555555,9.218025,True,True,True,GA_CALIBRADO_CCC,10,0.7843915555555555,0.7843915555555555,True,62,82,stable_gens_no_improve,0.857143,1.0,0.857143,150,200,3,0.005,1.0,20,ccc,4
P11,AE_FULL_SURROGATE,OK,0.84127,0.7666666666666666,0.7791005555555555,7.763669,True,True,True,GA_CALIBRADO_CCC,11,0.7791005555555555,0.7791005555555555,True,27,47,stable_gens_no_improve,0.857143,0.714286,0.857143,150,200,3,0.005,1.0,20,ccc,4
P11,AE_FULL_SURROGATE,OK,0.7222225,0.7666666666666666,0.729629861111111,7.54847,True,True,True,GA_CALIBRADO_CCC,12,0.729629861111111,0.729629861111111,True,32,52,stable_gens_no_improve,0.857143,0.714286,0.6428575,150,200,3,0.005,1.0,20,ccc,4
P11,AE_FULL_SURROGATE,OK,0.84127,0.7999999999999999,0.8068783333333333,10.582069,True,True,True,GA_CALIBRADO_CCC,13,0.8068783333333333,0.8068783333333333,True,60,80,stable_gens_no_improve,0.857143,0.714286,0.857143,150,200,3,0.005,1.0,20,ccc,4
P11,AE_FULL_SURROGATE,OK,0.7222225,0.9,0.7518520833333334,6.595577,True,True,True,GA_CALIBRADO_CCC,14,0.7518520833333334,0.7518520833333334,True,23,43,stable_gens_no_improve,0.857143,0.714286,0.6428575,150,200,3,0.005,1.0,20,ccc,4
P11,AE_FULL_SURROGATE,OK,0.84127,0.7666666666666666,0.7791005555555555,4.627493,True,True,True,GA_CALIBRADO_CCC,15,0.7791005555555555,0.7791005555555555,True,32,52,stable_gens_no_improve,0.857143,0.714286,0.857143,150,200,3,0.005,1.0,20,ccc,4
P11,AE_FULL_SURROGATE,OK,0.8492065,0.7666666666666666,0.7804233055555555,7.203977,True,True,True,GA_CALIBRADO_CCC,16,0.7804233055555555,0.7804233055555555,True,76,96,stable_gens_no_improve,0.857143,0.7857145,0.857143,150,200,3,0.005,1.0,20,ccc,4
P11,AE_FULL_SURROGATE,OK,0.873016,0.7666666666666666,0.7843915555555555,4.110056,True,True,True,GA_CALIBRADO_CCC,17,0.7843915555555555,0.7843915555555555,True,24,44,stable_gens_no_improve,0.857143,1.0,0.857143,150,200,3,0.005,1.0,20,ccc,4
P11,AE_FULL_SURROGATE,OK,0.873016,0.7666666666666666,0.7843915555555555,5.127403,True,True,True,GA_CALIBRADO_CCC,18,0.7843915555555555,0.7843915555555555,True,38,58,stable_gens_no_improve,0.857143,1.0,0.857143,150,200,3,0.005,1.0,20,ccc,4
P11,AE_FULL_SURROGATE,OK,0.746032,0.8666666666666667,0.7661377777777778,6.165793,True,True,True,GA_CALIBRADO_CCC,19,0.7661377777777778,0.7661377777777778,True,52,72,stable_gens_no_improve,0.857143,0.9285715,0.6428575,150,200,3,0.005,1.0,20,ccc,4
P11,AE_FULL_SURROGATE,OK,0.84127,0.7666666666666666,0.7791005555555555,4.352298,True,True,True,GA_CALIBRADO_CCC,20,0.7791005555555555,0.7791005555555555,True,26,46,stable_gens_no_improve,0.857143,0.714286,0.857143,150,200,3,0.005,1.0,20,ccc,4
P11,AE_FULL_SURROGATE,OK,0.8650795,0.7333333333333334,0.7552910277777779,4.250858,True,True,True,GA_CALIBRADO_CCC,21,0.7552910277777779,0.7552910277777779,True,30,50,stable_gens_no_improve,0.857143,0.9285715,0.857143,150,200,3,0.005,1.0,20,ccc,4
P11,AE_FULL_SURROGATE,OK,0.8650795,0.6333333333333333,0.6719576944444444,3.717025,True,True,True,GA_CALIBRADO_CCC,22,0.6719576944444444,0.6719576944444444,True,16,36,stable_gens_no_improve,0.857143,0.9285715,0.857143,150,200,3,0.005,1.0,20,ccc,4
P11,AE_FULL_SURROGATE,OK,0.8333335,0.7333333333333334,0.7500000277777779,3.380627,True,True,True,GA_CALIBRADO_CCC,23,0.7500000277777779,0.7500000277777779,True,17,37,stable_gens_no_improve,0.857143,0.6428575,0.857143,150,200,3,0.005,1.0,20,ccc,4
P11,AE_FULL_SURROGATE,OK,0.84127,0.7999999999999999,0.8068783333333333,7.112337,True,True,True,GA_CALIBRADO_CCC,24,0.8068783333333333,0.8068783333333333,True,65,85,stable_gens_no_improve,0.857143,0.714286,0.857143,150,200,3,0.005,1.0,20,ccc,4
P11,AE_FULL_SURROGATE,OK,0.873016,0.7666666666666666,0.7843915555555555,6.457449,True,True,True,GA_CALIBRADO_CCC,25,0.7843915555555555,0.7843915555555555,True,55,75,stable_gens_no_improve,0.857143,1.0,0.857143,150,200,3,0.005,1.0,20,ccc,4
P11,AE_FULL_SURROGATE,OK,0.8650795,0.7666666666666666,0.7830688055555556,3.921085,True,True,True,GA_CALIBRADO_CCC,26,0.7830688055555556,0.7830688055555556,True,29,49,stable_gens_no_improve,0.857143,0.9285715,0.857143,150,200,3,0.005,1.0,20,ccc,4
P11,AE_FULL_SURROGATE,OK,0.7539684999999999,0.7666666666666667,0.7560848611111112,4.830863,True,True,True,GA_CALIBRADO_CCC,27,0.7560848611111112,0.7560848611111112,True,31,51,stable_gens_no_improve,0.857143,1.0,0.6428575,150,200,3,0.005,1.0,20,ccc,4
P11,AE_FULL_SURROGATE,OK,0.8650795,0.7666666666666666,0.7830688055555556,7.077291,True,True,True,GA_CALIBRADO_CCC,28,0.7830688055555556,0.7830688055555556,True,81,101,stable_gens_no_improve,0.857143,0.9285715,0.857143,150,200,3,0.005,1.0,20,ccc,4
P11,AE_FULL_SURROGATE,OK,0.84127,0.7666666666666666,0.7791005555555555,3.296764,True,True,True,GA_CALIBRADO_CCC,29,0.7791005555555555,0.7791005555555555,True,14,34,stable_gens_no_improve,0.857143,0.714286,0.857143,150,200,3,0.005,1.0,20,ccc,4
P11,AE_FULL_SURROGATE,OK,0.84127,0.8333333333333334,0.8346561111111112,3.541504,True,True,True,GA_CALIBRADO_CCC,30,0.8346561111111112,0.8346561111111112,True,18,38,stable_gens_no_improve,0.857143,0.714286,0.857143,150,200,3,0.005,1.0,20,ccc,4
P12,AE_FULL_SURROGATE,OK,0.857143,0.8,0.8095238333333333,3.846614,True,True,True,GA_CALIBRADO_CCC,1,0.8095238333333333,0.8095238333333333,True,25,45,stable_gens_no_improve,0.857143,0.857143,0.857143,150,200,3,0.005,1.0,20,ccc,4
P12,AE_FULL_SURROGATE,OK,0.873016,0.7666666666666666,0.7843915555555555,3.091684,True,True,True,GA_CALIBRADO_CCC,2,0.7843915555555555,0.7843915555555555,True,13,33,stable_gens_no_improve,0.857143,0.6428575,0.9285715,150,200,3,0.005,1.0,20,ccc,4
P12,AE_FULL_SURROGATE,OK,0.857143,0.7999999999999999,0.8095238333333333,2.916421,True,True,True,GA_CALIBRADO_CCC,3,0.8095238333333333,0.8095238333333333,True,13,33,stable_gens_no_improve,0.857143,0.857143,0.857143,150,200,3,0.005,1.0,20,ccc,4
P12,AE_FULL_SURROGATE,OK,0.857143,0.8,0.8095238333333333,4.617777,True,True,True,GA_CALIBRADO_CCC,4,0.8095238333333333,0.8095238333333333,True,27,47,stable_gens_no_improve,0.857143,0.857143,0.857143,150,200,3,0.005,1.0,20,ccc,4
P12,AE_FULL_SURROGATE,OK,0.873016,0.8333333333333333,0.839947111111111,5.910405,True,True,True,GA_CALIBRADO_CCC,5,0.839947111111111,0.839947111111111,True,43,63,stable_gens_no_improve,0.857143,0.6428575,0.9285715,150,200,3,0.005,1.0,20,ccc,4
P12,AE_FULL_SURROGATE,OK,0.7777780000000001,0.7666666666666666,0.7685185555555556,3.708481,True,True,True,GA_CALIBRADO_CCC,6,0.7685185555555556,0.7685185555555556,True,18,38,stable_gens_no_improve,0.6428575,0.428572,0.9285715,150,200,3,0.005,1.0,20,ccc,4
P12,AE_FULL_SURROGATE,OK,0.873016,0.7999999999999999,0.8121693333333333,5.109848,True,True,True,GA_CALIBRADO_CCC,7,0.8121693333333333,0.8121693333333333,True,46,66,stable_gens_no_improve,0.857143,0.6428575,0.9285715,150,200,3,0.005,1.0,20,ccc,4
P12,AE_FULL_SURROGATE,OK,0.857143,0.7666666666666666,0.7817460555555554,2.884137,True,True,True,GA_CALIBRADO_CCC,8,0.7817460555555554,0.7817460555555554,True,7,27,stable_gens_no_improve,0.857143,0.857143,0.857143,150,200,3,0.005,1.0,20,ccc,4
P12,AE_FULL_SURROGATE,OK,0.9444444999999999,0.7333333333333334,0.7685185277777778,4.379075,True,True,True,GA_CALIBRADO_CCC,9,0.7685185277777778,0.7685185277777778,True,27,47,stable_gens_no_improve,1.0,0.857143,0.9285715,150,200,3,0.005,1.0,20,ccc,4
P12,AE_FULL_SURROGATE,OK,0.8492065,0.7666666666666666,0.7804233055555555,3.252413,True,True,True,GA_CALIBRADO_CCC,10,0.7804233055555555,0.7804233055555555,True,20,40,stable_gens_no_improve,0.857143,0.428572,0.9285715,150,200,3,0.005,1.0,20,ccc,4
P12,AE_FULL_SURROGATE,OK,0.857143,0.8,0.8095238333333333,3.865872,True,True,True,GA_CALIBRADO_CCC,11,0.8095238333333333,0.8095238333333333,True,17,37,stable_gens_no_improve,0.857143,0.857143,0.857143,150,200,3,0.005,1.0,20,ccc,4
P12,AE_FULL_SURROGATE,OK,0.857143,0.7999999999999999,0.8095238333333333,4.316601,True,True,True,GA_CALIBRADO_CCC,12,0.8095238333333333,0.8095238333333333,True,26,46,stable_gens_no_improve,0.857143,0.857143,0.857143,150,200,3,0.005,1.0,20,ccc,4
P12,AE_FULL_SURROGATE,OK,0.857143,0.7666666666666666,0.7817460555555554,3.646273,True,True,True,GA_CALIBRADO_CCC,13,0.7817460555555554,0.7817460555555554,True,17,37,stable_gens_no_improve,0.857143,0.857143,0.857143,150,200,3,0.005,1.0,20,ccc,4
P12,AE_FULL_SURROGATE,OK,0.9126985,0.7999999999999999,0.8187830833333333,6.475744,True,True,True,GA_CALIBRADO_CCC,14,0.8187830833333333,0.8187830833333333,True,56,76,stable_gens_no_improve,0.857143,0.6428575,1.0,150,200,3,0.005,1.0,20,ccc,4
P12,AE_FULL_SURROGATE,OK,0.857143,0.8,0.8095238333333333,3.722187,True,True,True,GA_CALIBRADO_CCC,15,0.8095238333333333,0.8095238333333333,True,18,38,stable_gens_no_improve,0.857143,0.857143,0.857143,150,200,3,0.005,1.0,20,ccc,4
P12,AE_FULL_SURROGATE,OK,0.857143,0.7999999999999999,0.8095238333333333,5.62196,True,True,True,GA_CALIBRADO_CCC,16,0.8095238333333333,0.8095238333333333,True,46,66,stable_gens_no_improve,0.857143,0.857143,0.857143,150,200,3,0.005,1.0,20,ccc,4
P12,AE_FULL_SURROGATE,OK,0.7777780000000001,0.7999999999999999,0.7814816666666667,4.254233,True,True,True,GA_CALIBRADO_CCC,17,0.7814816666666667,0.7814816666666667,True,26,46,stable_gens_no_improve,0.6428575,0.428572,0.9285715,150,200,3,0.005,1.0,20,ccc,4
P12,AE_FULL_SURROGATE,OK,0.7420636111111111,0.8333333333333333,0.7572752314814815,3.765829,True,True,True,GA_CALIBRADO_CCC,18,0.7572752314814815,0.7572752314814815,True,20,40,stable_gens_no_improve,0.857143,0.714286,0.6785715,150,200,3,0.005,1.0,20,ccc,4
P12,AE_FULL_SURROGATE,OK,0.857143,0.8,0.8095238333333333,5.375627,True,True,True,GA_CALIBRADO_CCC,19,0.8095238333333333,0.8095238333333333,True,36,56,stable_gens_no_improve,0.857143,0.857143,0.857143,150,200,3,0.005,1.0,20,ccc,4
P12,AE_FULL_SURROGATE,OK,0.857143,0.8,0.8095238333333333,7.356211,True,True,True,GA_CALIBRADO_CCC,20,0.8095238333333333,0.8095238333333333,True,24,44,stable_gens_no_improve,0.857143,0.857143,0.857143,150,200,3,0.005,1.0,20,ccc,4
P12,AE_FULL_SURROGATE,OK,0.857143,0.8,0.8095238333333333,7.388054,True,True,True,GA_CALIBRADO_CCC,21,0.8095238333333333,0.8095238333333333,True,44,64,stable_gens_no_improve,0.857143,0.857143,0.857143,150,200,3,0.005,1.0,20,ccc,4
P12,AE_FULL_SURROGATE,OK,0.7619049999999999,0.7666666666666666,0.762698611111111,5.10897,True,True,True,GA_CALIBRADO_CCC,22,0.762698611111111,0.762698611111111,True,17,37,stable_gens_no_improve,0.6428575,0.6428575,0.857143,150,200,3,0.005,1.0,20,ccc,4
P12,AE_FULL_SURROGATE,OK,0.857143,0.8,0.8095238333333333,5.767866,True,True,True,GA_CALIBRADO_CCC,23,0.8095238333333333,0.8095238333333333,True,30,50,stable_gens_no_improve,0.857143,0.857143,0.857143,150,200,3,0.005,1.0,20,ccc,4
P12,AE_FULL_SURROGATE,OK,0.857143,0.6666666666666666,0.6984127222222222,4.763129,True,True,True,GA_CALIBRADO_CCC,24,0.6984127222222222,0.6984127222222222,True,8,28,stable_gens_no_improve,0.857143,0.857143,0.857143,150,200,3,0.005,1.0,20,ccc,4
P12,AE_FULL_SURROGATE,OK,0.873016,0.7999999999999999,0.8121693333333333,7.288427,True,True,True,GA_CALIBRADO_CCC,25,0.8121693333333333,0.8121693333333333,True,41,61,stable_gens_no_improve,0.857143,0.6428575,0.9285715,150,200,3,0.005,1.0,20,ccc,4
P12,AE_FULL_SURROGATE,OK,0.8333335,0.7666666666666666,0.7777778055555555,7.075931,True,True,True,GA_CALIBRADO_CCC,26,0.7777778055555555,0.7777778055555555,True,33,53,stable_gens_no_improve,0.857143,0.6428575,0.857143,150,200,3,0.005,1.0,20,ccc,4
P12,AE_FULL_SURROGATE,OK,0.873016,0.7999999999999999,0.8121693333333333,4.8566,True,True,True,GA_CALIBRADO_CCC,27,0.8121693333333333,0.8121693333333333,True,12,32,stable_gens_no_improve,0.857143,0.6428575,0.9285715,150,200,3,0.005,1.0,20,ccc,4
P12,AE_FULL_SURROGATE,OK,0.809524,0.7666666666666666,0.7738095555555554,6.871984,True,True,True,GA_CALIBRADO_CCC,28,0.7738095555555554,0.7738095555555554,True,35,55,stable_gens_no_improve,0.857143,0.428572,0.857143,150,200,3,0.005,1.0,20,ccc,4
P12,AE_FULL_SURROGATE,OK,0.8015874999999999,0.7666666666666666,0.7724868055555555,4.550476,True,True,True,GA_CALIBRADO_CCC,29,0.7724868055555555,0.7724868055555555,True,18,38,stable_gens_no_improve,0.6428575,0.6428575,0.9285715,150,200,3,0.005,1.0,20,ccc,4
P12,AE_FULL_SURROGATE,OK,0.8492065,0.9,0.8576720833333334,6.72173,True,True,True,GA_CALIBRADO_CCC,30,0.8576720833333334,0.8576720833333334,True,22,42,stable_gens_no_improve,0.857143,0.428572,0.9285715,150,200,3,0.005,1.0,20,ccc,4
