scope,evaluator,metric,value
evaluator,Mean,n,960
evaluator,Mean,mean,0.603258043788
evaluator,Mean,std_sample,0.103725912736
evaluator,Mean,min,0.383578832515
evaluator,Mean,q1,0.523400374743
evaluator,Mean,median,0.607167014207
evaluator,Mean,q3,0.651891511267
evaluator,Mean,max,0.833516483516
evaluator,MIXMINMAX 5:1,n,960
evaluator,MIXMINMAX 5:1,mean,0.558589974822
evaluator,MIXMINMAX 5:1,std_sample,0.111804452907
evaluator,MIXMINMAX 5:1,min,0.308345673239
evaluator,MIXMINMAX 5:1,q1,0.471446886447
evaluator,MIXMINMAX 5:1,median,0.58387991638
evaluator,MIXMINMAX 5:1,q3,0.632718022718
evaluator,MIXMINMAX 5:1,max,0.744505494505
comparison,both,spearman_global,0.983975818573
comparison,both,top5_overlap_average_count,3.3125
comparison,both,top5_overlap_average_rate,0.6625
validation,MIXMINMAX 5:1,max_abs_error_vs_AE_compressed,1.66533453694e-16
