sample_id,project,generator,seed,candidate_id,team_size,AT_final,AC_final,AE_recorded_v2
P1|GA_before|seed=01,P1,GA_before,1,P1-T001,9,0.597410759175465,0.6555555555555556,0.6071015585721468
P1|GA_before|seed=02,P1,GA_before,2,P1-T002,9,0.5969079939668175,0.6444444444444444,0.6048307357130887
P1|GA_before|seed=03,P1,GA_before,3,P1-T003,9,0.6075917546505782,0.6499999999999999,0.6146597955421486
P1|GA_before|seed=04,P1,GA_before,4,P1-T004,9,0.6075917546505782,0.6527777777777778,0.6151227585051114
P1|GA_before|seed=05,P1,GA_before,5,P1-T005,9,0.5979135243841126,0.6194444444444445,0.6015020110608346
P1|GA_before|seed=06,P1,GA_before,6,P1-T006,9,0.527059541765424,0.6138888888888889,0.5415310996193349
P1|GA_before|seed=07,P1,GA_before,7,P1-T007,9,0.5800025138260432,0.6111111111111112,0.5851872800402212
P1|GA_before|seed=08,P1,GA_before,8,P1-T008,9,0.6085972850678734,0.6194444444444445,0.6104051449639686
P1|GA_before|seed=09,P1,GA_before,9,P1-T009,9,0.6043866264454499,0.5833333333333333,0.586842215518686
P1|GA_before|seed=10,P1,GA_before,10,P1-T010,9,0.597410759175465,0.6305555555555555,0.6029348919054801
P1|GA_before|seed=11,P1,GA_before,11,P1-T011,9,0.6085972850678734,0.6305555555555555,0.6122569968158204
P1|GA_before|seed=12,P1,GA_before,12,P1-T012,9,0.5989190548014077,0.6361111111111111,0.605117730853025
P1|GA_before|seed=13,P1,GA_before,13,P1-T013,9,0.5424567262802555,0.6499999999999999,0.5603806052335463
P1|GA_before|seed=14,P1,GA_before,14,P1-T014,9,0.5862242332830568,0.6111111111111112,0.5903720462543992
P1|GA_before|seed=15,P1,GA_before,15,P1-T015,9,0.5948969331322272,0.6083333333333334,0.597136333165745
P1|GA_before|seed=16,P1,GA_before,16,P1-T004,9,0.6075917546505782,0.6527777777777778,0.6151227585051114
P1|GA_before|seed=17,P1,GA_before,17,P1-T016,9,0.5789969834087481,0.5944444444444444,0.5815715602480308
P1|GA_before|seed=18,P1,GA_before,18,P1-T017,9,0.5307674351791998,0.6499999999999999,0.5506395293159998
P1|GA_before|seed=19,P1,GA_before,19,P1-T013,9,0.5424567262802555,0.6499999999999999,0.5603806052335463
P1|GA_before|seed=20,P1,GA_before,20,P1-T018,9,0.5969079939668175,0.65,0.6057566616390145
P1|GA_before|seed=21,P1,GA_before,21,P1-T019,9,0.5969079939668175,0.6472222222222223,0.6052936986760517
P1|GA_before|seed=22,P1,GA_before,22,P1-T020,9,0.597410759175465,0.6166666666666667,0.6006200770906653
P1|GA_before|seed=23,P1,GA_before,23,P1-T021,9,0.576797385620915,0.6138888888888889,0.582979302832244
P1|GA_before|seed=24,P1,GA_before,24,P1-T022,9,0.5969079939668175,0.6499999999999999,0.6057566616390145
P1|GA_before|seed=25,P1,GA_before,25,P1-T001,9,0.597410759175465,0.6555555555555556,0.6071015585721468
P1|GA_before|seed=26,P1,GA_before,26,P1-T023,9,0.5979135243841126,0.6444444444444444,0.6056686777275012
P1|GA_before|seed=27,P1,GA_before,27,P1-T024,9,0.6070889894419307,0.5833333333333333,0.5872926093514328
P1|GA_before|seed=28,P1,GA_before,28,P1-T025,9,0.5596405228758169,0.6583333333333333,0.5760893246187363
P1|GA_before|seed=29,P1,GA_before,29,P1-T026,9,0.564443726208432,0.6222222222222222,0.5740734755440636
P1|GA_before|seed=30,P1,GA_before,30,P1-T027,9,0.5984162895927602,0.5833333333333333,0.5858471593765711
P2|GA_before|seed=01,P2,GA_before,1,P2-T001,8,0.3677908970462161,0.5607142857142857,0.399944795157561
P2|GA_before|seed=02,P2,GA_before,2,P2-T002,8,0.3175083781466759,0.55,0.3562569817888966
P2|GA_before|seed=03,P2,GA_before,3,P2-T003,8,0.3324273244486009,0.55,0.3686894370405008
P2|GA_before|seed=04,P2,GA_before,4,P2-T004,8,0.3518334502377055,0.5821428571428571,0.3902183513885641
P2|GA_before|seed=05,P2,GA_before,5,P2-T005,8,0.3175083781466759,0.5428571428571429,0.3550665055984204
P2|GA_before|seed=06,P2,GA_before,6,P2-T006,8,0.3480145740784038,0.5428571428571429,0.380488335541527
P2|GA_before|seed=07,P2,GA_before,7,P2-T007,8,0.316294521081755,0.5535714285714286,0.355840672330034
P2|GA_before|seed=08,P2,GA_before,8,P2-T008,8,0.3354531992829865,0.5964285714285714,0.378949094640584
P2|GA_before|seed=09,P2,GA_before,9,P2-T009,8,0.3814849453147324,0.65,0.4262374544289437
P2|GA_before|seed=10,P2,GA_before,10,P2-T010,8,0.3629491076299586,0.55,0.3941242563582989
P2|GA_before|seed=11,P2,GA_before,11,P2-T002,8,0.3175083781466759,0.55,0.3562569817888966
P2|GA_before|seed=12,P2,GA_before,12,P2-T011,8,0.3809393915776893,0.6535714285714286,0.4263780644099792
P2|GA_before|seed=13,P2,GA_before,13,P2-T012,8,0.3861741095783648,0.5964285714285714,0.4212165198867326
P2|GA_before|seed=14,P2,GA_before,14,P2-T013,8,0.3605213935001168,0.5892857142857143,0.3986487802977164
P2|GA_before|seed=15,P2,GA_before,15,P2-T014,8,0.3696711090328111,0.5928571428571429,0.4068687813368664
P2|GA_before|seed=16,P2,GA_before,16,P2-T015,8,0.362624373262671,0.6428571428571428,0.4093298348617497
P2|GA_before|seed=17,P2,GA_before,17,P2-T016,8,0.3555841321798768,0.5785714285714285,0.3927486815784687
P2|GA_before|seed=18,P2,GA_before,18,P2-T017,8,0.2717247291715376,0.5357142857142857,0.315722988595329
P2|GA_before|seed=19,P2,GA_before,19,P2-T018,8,0.3713350479307926,0.5571428571428572,0.4023030161328034
P2|GA_before|seed=20,P2,GA_before,20,P2-T019,8,0.3665504117631777,0.6607142857142858,0.4155777240883624
P2|GA_before|seed=21,P2,GA_before,21,P2-T020,8,0.3175083781466759,0.5321428571428571,0.3532807913127061
P2|GA_before|seed=22,P2,GA_before,22,P2-T021,8,0.270729093601434,0.4964285714285714,0.3083456732392902
P2|GA_before|seed=23,P2,GA_before,23,P2-T022,8,0.3551340503468163,0.5785714285714285,0.3923736133842516
P2|GA_before|seed=24,P2,GA_before,24,P2-T023,8,0.372700880679604,0.5928571428571429,0.4093935910425272
P2|GA_before|seed=25,P2,GA_before,25,P2-T024,8,0.2873801730184708,0.5464285714285715,0.3305549060868209
P2|GA_before|seed=26,P2,GA_before,26,P2-T025,8,0.3340639856597303,0.5571428571428572,0.3712437975735847
P2|GA_before|seed=27,P2,GA_before,27,P2-T026,8,0.3196905930948483,0.5464285714285715,0.3574802561504688
P2|GA_before|seed=28,P2,GA_before,28,P2-T027,8,0.3610669472371599,0.575,0.3967224560309666
P2|GA_before|seed=29,P2,GA_before,29,P2-T028,8,0.3829007871561062,0.5857142857142857,0.4167030369158028
P2|GA_before|seed=30,P2,GA_before,30,P2-T029,8,0.3817330423713401,0.625,0.4222775353094501
P3|GA_before|seed=01,P3,GA_before,1,P3-T001,5,0.6935286935286934,0.68,0.6822547822547823
P3|GA_before|seed=02,P3,GA_before,2,P3-T002,5,0.6566951566951567,0.6699999999999999,0.6589126305792972
P3|GA_before|seed=03,P3,GA_before,3,P3-T003,5,0.6259666259666259,0.68,0.6349721883055216
P3|GA_before|seed=04,P3,GA_before,4,P3-T004,5,0.6687016687016686,0.68,0.6705847239180572
P3|GA_before|seed=05,P3,GA_before,5,P3-T002,5,0.6566951566951567,0.6699999999999999,0.6589126305792972
P3|GA_before|seed=06,P3,GA_before,6,P3-T005,5,0.6479446479446478,0.68,0.6532872066205399
P3|GA_before|seed=07,P3,GA_before,7,P3-T006,5,0.6514041514041513,0.69,0.6578367928367927
P3|GA_before|seed=08,P3,GA_before,8,P3-T002,5,0.6566951566951567,0.6699999999999999,0.6589126305792972
P3|GA_before|seed=09,P3,GA_before,9,P3-T007,5,0.615079365079365,0.69,0.6275661375661375
P3|GA_before|seed=10,P3,GA_before,10,P3-T001,5,0.6935286935286934,0.68,0.6822547822547823
P3|GA_before|seed=11,P3,GA_before,11,P3-T008,5,0.6473341473341472,0.69,0.654445122778456
P3|GA_before|seed=12,P3,GA_before,12,P3-T009,5,0.6306471306471306,0.6599999999999999,0.6355392755392755
P3|GA_before|seed=13,P3,GA_before,13,P3-T010,5,0.6231176231176231,0.69,0.6342646859313525
P3|GA_before|seed=14,P3,GA_before,14,P3-T006,5,0.6514041514041513,0.69,0.6578367928367927
P3|GA_before|seed=15,P3,GA_before,15,P3-T006,5,0.6514041514041513,0.69,0.6578367928367927
P3|GA_before|seed=16,P3,GA_before,16,P3-T011,5,0.6479446479446478,0.68,0.6532872066205399
P3|GA_before|seed=17,P3,GA_before,17,P3-T007,5,0.615079365079365,0.69,0.6275661375661375
P3|GA_before|seed=18,P3,GA_before,18,P3-T012,5,0.6554741554741554,0.6699999999999999,0.6578951295617962
P3|GA_before|seed=19,P3,GA_before,19,P3-T013,5,0.6334961334961334,0.6699999999999999,0.6395801112467778
P3|GA_before|seed=20,P3,GA_before,20,P3-T014,5,0.5954415954415953,0.65,0.6045346628679961
P3|GA_before|seed=21,P3,GA_before,21,P3-T005,5,0.6479446479446478,0.68,0.6532872066205399
P3|GA_before|seed=22,P3,GA_before,22,P3-T006,5,0.6514041514041513,0.69,0.6578367928367927
P3|GA_before|seed=23,P3,GA_before,23,P3-T005,5,0.6479446479446478,0.68,0.6532872066205399
P3|GA_before|seed=24,P3,GA_before,24,P3-T001,5,0.6935286935286934,0.68,0.6822547822547823
P3|GA_before|seed=25,P3,GA_before,25,P3-T015,5,0.6495726495726495,0.6699999999999999,0.6529772079772079
P3|GA_before|seed=26,P3,GA_before,26,P3-T016,5,0.6935286935286934,0.66,0.6655881155881156
P3|GA_before|seed=27,P3,GA_before,27,P3-T001,5,0.6935286935286934,0.68,0.6822547822547823
P3|GA_before|seed=28,P3,GA_before,28,P3-T017,5,0.6548636548636548,0.6699999999999999,0.6573863790530456
P3|GA_before|seed=29,P3,GA_before,29,P3-T002,5,0.6566951566951567,0.6699999999999999,0.6589126305792972
P3|GA_before|seed=30,P3,GA_before,30,P3-T018,5,0.5677655677655677,0.61,0.5748046398046397
P4|GA_before|seed=01,P4,GA_before,1,P4-T001,9,0.6651570651570651,0.6499999999999999,0.6525261775261774
P4|GA_before|seed=02,P4,GA_before,2,P4-T002,9,0.6292304917304917,0.6583333333333333,0.6340809653309653
P4|GA_before|seed=03,P4,GA_before,3,P4-T003,9,0.6317571317571316,0.586111111111111,0.5937187812187812
P4|GA_before|seed=04,P4,GA_before,4,P4-T004,9,0.6647564241314241,0.6555555555555556,0.6570890336515336
P4|GA_before|seed=05,P4,GA_before,5,P4-T005,9,0.6434121434121433,0.6055555555555556,0.6118649868649869
P4|GA_before|seed=06,P4,GA_before,6,P4-T006,9,0.6306943056943056,0.6,0.6051157176157176
P4|GA_before|seed=07,P4,GA_before,7,P4-T007,9,0.6521534021534019,0.6138888888888889,0.6202663077663078
P4|GA_before|seed=08,P4,GA_before,8,P4-T002,9,0.6292304917304917,0.6583333333333333,0.6340809653309653
P4|GA_before|seed=09,P4,GA_before,9,P4-T008,9,0.6589871933621932,0.6499999999999999,0.6514978655603655
P4|GA_before|seed=10,P4,GA_before,10,P4-T009,9,0.6434121434121433,0.6055555555555556,0.6118649868649869
P4|GA_before|seed=11,P4,GA_before,11,P4-T010,9,0.6658896658896658,0.6194444444444445,0.6271853146853147
P4|GA_before|seed=12,P4,GA_before,12,P4-T011,9,0.6434121434121433,0.6055555555555556,0.6118649868649869
P4|GA_before|seed=13,P4,GA_before,13,P4-T012,9,0.6377625846375844,0.6166666666666667,0.620182652995153
P4|GA_before|seed=14,P4,GA_before,14,P4-T013,9,0.6397657897657896,0.6083333333333334,0.6135720760720761
P4|GA_before|seed=15,P4,GA_before,15,P4-T014,9,0.672244769119769,0.6138888888888889,0.623614868927369
P4|GA_before|seed=16,P4,GA_before,16,P4-T015,9,0.6317571317571316,0.6083333333333334,0.6122372997372998
P4|GA_before|seed=17,P4,GA_before,17,P4-T016,9,0.6469315406815406,0.5916666666666667,0.600877479002479
P4|GA_before|seed=18,P4,GA_before,18,P4-T017,9,0.6434121434121433,0.6111111111111112,0.6164946164946165
P4|GA_before|seed=19,P4,GA_before,19,P4-T018,9,0.6638084138084136,0.625,0.631468068968069
P4|GA_before|seed=20,P4,GA_before,20,P4-T019,9,0.6539026945276945,0.6555555555555556,0.6541781713656712
P4|GA_before|seed=21,P4,GA_before,21,P4-T020,9,0.6535020535020535,0.6361111111111111,0.6390096015096015
P4|GA_before|seed=22,P4,GA_before,22,P4-T021,9,0.641206016206016,0.5888888888888889,0.5976084101084101
P4|GA_before|seed=23,P4,GA_before,23,P4-T022,9,0.6412861444111443,0.6527777777777778,0.6432014166389165
P4|GA_before|seed=24,P4,GA_before,24,P4-T023,9,0.6658896658896658,0.6499999999999999,0.6526482776482775
P4|GA_before|seed=25,P4,GA_before,25,P4-T024,9,0.6552232489732488,0.5888888888888889,0.5999446155696155
P4|GA_before|seed=26,P4,GA_before,26,P4-T025,9,0.6638084138084136,0.6194444444444445,0.6268384393384393
P4|GA_before|seed=27,P4,GA_before,27,P4-T026,9,0.6317571317571316,0.6138888888888889,0.6168669293669294
P4|GA_before|seed=28,P4,GA_before,28,P4-T027,9,0.6542346542346542,0.65,0.6507057757057757
P4|GA_before|seed=29,P4,GA_before,29,P4-T028,9,0.6658896658896658,0.6472222222222223,0.6503334628334628
P4|GA_before|seed=30,P4,GA_before,30,P4-T019,9,0.6539026945276945,0.6555555555555556,0.6541781713656712
P5|GA_before|seed=01,P5,GA_before,1,P5-T001,4,0.5722610722610723,0.7,0.5935508935508936
P5|GA_before|seed=02,P5,GA_before,2,P5-T002,4,0.5629370629370629,0.6833333333333333,0.583003108003108
P5|GA_before|seed=03,P5,GA_before,3,P5-T003,4,0.5543123543123544,0.7,0.5785936285936287
P5|GA_before|seed=04,P5,GA_before,4,P5-T004,4,0.5384615384615384,0.6666666666666666,0.5598290598290597
P5|GA_before|seed=05,P5,GA_before,5,P5-T005,4,0.5652680652680652,0.6833333333333333,0.5849456099456098
P5|GA_before|seed=06,P5,GA_before,6,P5-T006,4,0.5769230769230769,0.6666666666666666,0.5918803418803418
P5|GA_before|seed=07,P5,GA_before,7,P5-T007,4,0.5885780885780885,0.6833333333333333,0.6043706293706292
P5|GA_before|seed=08,P5,GA_before,8,P5-T008,4,0.5384615384615384,0.6833333333333333,0.5626068376068375
P5|GA_before|seed=09,P5,GA_before,9,P5-T009,4,0.5641025641025641,0.6833333333333333,0.583974358974359
P5|GA_before|seed=10,P5,GA_before,10,P5-T010,4,0.6142191142191141,0.6833333333333333,0.6257381507381506
P5|GA_before|seed=11,P5,GA_before,11,P5-T011,4,0.5885780885780885,0.6833333333333333,0.6043706293706292
P5|GA_before|seed=12,P5,GA_before,12,P5-T012,4,0.5617715617715616,0.6833333333333333,0.5820318570318569
P5|GA_before|seed=13,P5,GA_before,13,P5-T013,4,0.5105561105561104,0.6833333333333333,0.5393523143523141
P5|GA_before|seed=14,P5,GA_before,14,P5-T014,4,0.5117216117216116,0.6833333333333333,0.5403235653235652
P5|GA_before|seed=15,P5,GA_before,15,P5-T015,4,0.5314685314685315,0.6166666666666667,0.5456682206682207
P5|GA_before|seed=16,P5,GA_before,16,P5-T016,4,0.5745920745920745,0.6666666666666666,0.5899378399378399
P5|GA_before|seed=17,P5,GA_before,17,P5-T017,4,0.5885780885780885,0.7,0.607148407148407
P5|GA_before|seed=18,P5,GA_before,18,P5-T018,4,0.5426573426573427,0.6499999999999999,0.5605477855477855
P5|GA_before|seed=19,P5,GA_before,19,P5-T019,4,0.5874125874125874,0.7,0.6061771561771562
P5|GA_before|seed=20,P5,GA_before,20,P5-T020,4,0.5862470862470862,0.7,0.6052059052059051
P5|GA_before|seed=21,P5,GA_before,21,P5-T021,4,0.5477855477855478,0.6833333333333333,0.5703768453768454
P5|GA_before|seed=22,P5,GA_before,22,P5-T022,4,0.6153846153846154,0.6833333333333333,0.6267094017094017
P5|GA_before|seed=23,P5,GA_before,23,P5-T023,4,0.5892773892773893,0.6666666666666667,0.6021756021756022
P5|GA_before|seed=24,P5,GA_before,24,P5-T024,4,0.5745920745920745,0.6833333333333333,0.5927156177156178
P5|GA_before|seed=25,P5,GA_before,25,P5-T025,4,0.5846153846153845,0.6,0.5871794871794871
P5|GA_before|seed=26,P5,GA_before,26,P5-T026,4,0.5594405594405595,0.7,0.582867132867133
P5|GA_before|seed=27,P5,GA_before,27,P5-T008,4,0.5384615384615384,0.6833333333333333,0.5626068376068375
P5|GA_before|seed=28,P5,GA_before,28,P5-T027,4,0.5862470862470862,0.7,0.6052059052059051
P5|GA_before|seed=29,P5,GA_before,29,P5-T028,4,0.6142191142191141,0.6833333333333333,0.6257381507381506
P5|GA_before|seed=30,P5,GA_before,30,P5-T029,4,0.6095571095571095,0.6666666666666667,0.6190753690753691
P6|GA_before|seed=01,P6,GA_before,1,P6-T001,7,0.4363192363192362,0.6428571428571428,0.4707422207422206
P6|GA_before|seed=02,P6,GA_before,2,P6-T002,7,0.4204184704184703,0.6666666666666666,0.4614598364598363
P6|GA_before|seed=03,P6,GA_before,3,P6-T003,7,0.4797868797868797,0.6428571428571428,0.5069652569652568
P6|GA_before|seed=04,P6,GA_before,4,P6-T004,7,0.4335553335553334,0.6428571428571428,0.4684389684389683
P6|GA_before|seed=05,P6,GA_before,5,P6-T005,7,0.4335553335553334,0.638095238095238,0.4676453176453175
P6|GA_before|seed=06,P6,GA_before,6,P6-T006,7,0.4335553335553334,0.6476190476190476,0.4692326192326191
P6|GA_before|seed=07,P6,GA_before,7,P6-T007,7,0.4569208569208569,0.5571428571428572,0.4736245236245236
P6|GA_before|seed=08,P6,GA_before,8,P6-T008,7,0.4335553335553334,0.6285714285714286,0.4660580160580159
P6|GA_before|seed=09,P6,GA_before,9,P6-T009,7,0.4335553335553334,0.6476190476190475,0.4692326192326191
P6|GA_before|seed=10,P6,GA_before,10,P6-T010,7,0.4335553335553334,0.6333333333333333,0.4668516668516667
P6|GA_before|seed=11,P6,GA_before,11,P6-T011,7,0.4803307803307803,0.6142857142857143,0.5026566026566026
P6|GA_before|seed=12,P6,GA_before,12,P6-T012,7,0.4335553335553334,0.6476190476190476,0.4692326192326191
P6|GA_before|seed=13,P6,GA_before,13,P6-T004,7,0.4335553335553334,0.6428571428571428,0.4684389684389683
P6|GA_before|seed=14,P6,GA_before,14,P6-T013,7,0.4847374847374845,0.6571428571428571,0.5134717134717134
P6|GA_before|seed=15,P6,GA_before,15,P6-T014,7,0.4616106116106115,0.6095238095238095,0.4862628112628112
P6|GA_before|seed=16,P6,GA_before,16,P6-T009,7,0.4335553335553334,0.6476190476190475,0.4692326192326191
P6|GA_before|seed=17,P6,GA_before,17,P6-T015,7,0.4556998556998556,0.6619047619047619,0.49006734006734
P6|GA_before|seed=18,P6,GA_before,18,P6-T010,7,0.4335553335553334,0.6333333333333333,0.4668516668516667
P6|GA_before|seed=19,P6,GA_before,19,P6-T016,7,0.4816849816849815,0.6238095238095238,0.5053724053724052
P6|GA_before|seed=20,P6,GA_before,20,P6-T017,7,0.4518703518703517,0.6047619047619048,0.4773522773522773
P6|GA_before|seed=21,P6,GA_before,21,P6-T018,7,0.4614718614718613,0.6619047619047619,0.4948773448773447
P6|GA_before|seed=22,P6,GA_before,22,P6-T019,7,0.4518703518703517,0.6047619047619048,0.4773522773522773
P6|GA_before|seed=23,P6,GA_before,23,P6-T020,7,0.4327783327783326,0.6238095238095238,0.4646168646168644
P6|GA_before|seed=24,P6,GA_before,24,P6-T021,7,0.4734709734709733,0.6095238095238096,0.496146446146446
P6|GA_before|seed=25,P6,GA_before,25,P6-T022,7,0.429181929181929,0.519047619047619,0.444159544159544
P6|GA_before|seed=26,P6,GA_before,26,P6-T023,7,0.456043956043956,0.6523809523809524,0.4887667887667887
P6|GA_before|seed=27,P6,GA_before,27,P6-T024,7,0.4797868797868797,0.638095238095238,0.5061716061716061
P6|GA_before|seed=28,P6,GA_before,28,P6-T025,7,0.4828393828393827,0.6619047619047619,0.5126836126836126
P6|GA_before|seed=29,P6,GA_before,29,P6-T001,7,0.4363192363192362,0.6428571428571428,0.4707422207422206
P6|GA_before|seed=30,P6,GA_before,30,P6-T026,7,0.4546342546342544,0.6285714285714286,0.4836237836237835
P7|GA_before|seed=01,P7,GA_before,1,P7-T001,5,0.5647408147408147,0.63,0.5756173456173456
P7|GA_before|seed=02,P7,GA_before,2,P7-T002,5,0.5593850593850591,0.66,0.576154216154216
P7|GA_before|seed=03,P7,GA_before,3,P7-T003,5,0.566988566988567,0.66,0.5824904724904726
P7|GA_before|seed=04,P7,GA_before,4,P7-T004,5,0.612942612942613,0.66,0.6207855107855108
P7|GA_before|seed=05,P7,GA_before,5,P7-T005,5,0.5518648018648018,0.68,0.5732206682206682
P7|GA_before|seed=06,P7,GA_before,6,P7-T006,5,0.5839160839160839,0.66,0.5965967365967365
P7|GA_before|seed=07,P7,GA_before,7,P7-T007,5,0.5642968142968142,0.5900000000000001,0.5685806785806785
P7|GA_before|seed=08,P7,GA_before,8,P7-T008,5,0.5680985680985681,0.68,0.5867488067488068
P7|GA_before|seed=09,P7,GA_before,9,P7-T009,5,0.6109446109446109,0.68,0.6224538424538425
P7|GA_before|seed=10,P7,GA_before,10,P7-T010,5,0.5403485403485402,0.6699999999999999,0.5619571169571168
P7|GA_before|seed=11,P7,GA_before,11,P7-T011,5,0.5629370629370628,0.6699999999999999,0.5807808857808857
P7|GA_before|seed=12,P7,GA_before,12,P7-T012,5,0.539238539238539,0.68,0.5626987826987826
P7|GA_before|seed=13,P7,GA_before,13,P7-T013,5,0.5558608058608058,0.6599999999999999,0.5732173382173381
P7|GA_before|seed=14,P7,GA_before,14,P7-T009,5,0.6109446109446109,0.68,0.6224538424538425
P7|GA_before|seed=15,P7,GA_before,15,P7-T009,5,0.6109446109446109,0.68,0.6224538424538425
P7|GA_before|seed=16,P7,GA_before,16,P7-T005,5,0.5518648018648018,0.68,0.5732206682206682
P7|GA_before|seed=17,P7,GA_before,17,P7-T014,5,0.5146520146520144,0.61,0.5305433455433454
P7|GA_before|seed=18,P7,GA_before,18,P7-T015,5,0.5668775668775669,0.68,0.5857313057313057
P7|GA_before|seed=19,P7,GA_before,19,P7-T016,5,0.589133089133089,0.68,0.6042775742775742
P7|GA_before|seed=20,P7,GA_before,20,P7-T016,5,0.589133089133089,0.68,0.6042775742775742
P7|GA_before|seed=21,P7,GA_before,21,P7-T017,5,0.5166500166500164,0.68,0.5438750138750137
P7|GA_before|seed=22,P7,GA_before,22,P7-T018,5,0.5444555444555443,0.65,0.5620462870462869
P7|GA_before|seed=23,P7,GA_before,23,P7-T019,5,0.5389055389055387,0.69,0.5640879490879489
P7|GA_before|seed=24,P7,GA_before,24,P7-T020,5,0.5685425685425685,0.6599999999999999,0.5837854737854737
P7|GA_before|seed=25,P7,GA_before,25,P7-T015,5,0.5668775668775669,0.68,0.5857313057313057
P7|GA_before|seed=26,P7,GA_before,26,P7-T017,5,0.5166500166500164,0.68,0.5438750138750137
P7|GA_before|seed=27,P7,GA_before,27,P7-T021,5,0.5389055389055387,0.69,0.5640879490879489
P7|GA_before|seed=28,P7,GA_before,28,P7-T022,5,0.5899100899100899,0.6699999999999999,0.6032584082584082
P7|GA_before|seed=29,P7,GA_before,29,P7-T009,5,0.6109446109446109,0.68,0.6224538424538425
P7|GA_before|seed=30,P7,GA_before,30,P7-T023,5,0.5558608058608058,0.68,0.5765506715506715
P8|GA_before|seed=01,P8,GA_before,1,P8-T001,5,0.6367521367521367,0.69,0.6456267806267806
P8|GA_before|seed=02,P8,GA_before,2,P8-T002,5,0.6802503052503052,0.6699999999999999,0.6717083842083841
P8|GA_before|seed=03,P8,GA_before,3,P8-T003,5,0.6367521367521367,0.69,0.6456267806267806
P8|GA_before|seed=04,P8,GA_before,4,P8-T004,5,0.6367521367521367,0.69,0.6456267806267806
P8|GA_before|seed=05,P8,GA_before,5,P8-T005,5,0.6843711843711843,0.6699999999999999,0.6723951973951974
P8|GA_before|seed=06,P8,GA_before,6,P8-T006,5,0.608058608058608,0.67,0.6183821733821734
P8|GA_before|seed=07,P8,GA_before,7,P8-T007,5,0.6367521367521367,0.69,0.6456267806267806
P8|GA_before|seed=08,P8,GA_before,8,P8-T008,5,0.6834554334554332,0.6699999999999999,0.6722425722425722
P8|GA_before|seed=09,P8,GA_before,9,P8-T009,5,0.6367521367521367,0.69,0.6456267806267806
P8|GA_before|seed=10,P8,GA_before,10,P8-T010,5,0.6367521367521367,0.66,0.6406267806267806
P8|GA_before|seed=11,P8,GA_before,11,P8-T011,5,0.6843711843711843,0.62,0.6307285307285307
P8|GA_before|seed=12,P8,GA_before,12,P8-T012,5,0.6848290598290598,0.62,0.6308048433048433
P8|GA_before|seed=13,P8,GA_before,13,P8-T013,5,0.6834554334554332,0.6699999999999999,0.6722425722425722
P8|GA_before|seed=14,P8,GA_before,14,P8-T014,5,0.6825396825396824,0.6699999999999999,0.6720899470899471
P8|GA_before|seed=15,P8,GA_before,15,P8-T015,5,0.5726495726495726,0.6699999999999999,0.5888746438746438
P8|GA_before|seed=16,P8,GA_before,16,P8-T016,5,0.6367521367521367,0.69,0.6456267806267806
P8|GA_before|seed=17,P8,GA_before,17,P8-T008,5,0.6834554334554332,0.6699999999999999,0.6722425722425722
P8|GA_before|seed=18,P8,GA_before,18,P8-T017,5,0.6848290598290598,0.65,0.6558048433048432
P8|GA_before|seed=19,P8,GA_before,19,P8-T013,5,0.6834554334554332,0.6699999999999999,0.6722425722425722
P8|GA_before|seed=20,P8,GA_before,20,P8-T013,5,0.6834554334554332,0.6699999999999999,0.6722425722425722
P8|GA_before|seed=21,P8,GA_before,21,P8-T013,5,0.6834554334554332,0.6699999999999999,0.6722425722425722
P8|GA_before|seed=22,P8,GA_before,22,P8-T005,5,0.6843711843711843,0.6699999999999999,0.6723951973951974
P8|GA_before|seed=23,P8,GA_before,23,P8-T018,5,0.6207264957264956,0.69,0.6322720797720797
P8|GA_before|seed=24,P8,GA_before,24,P8-T007,5,0.6367521367521367,0.69,0.6456267806267806
P8|GA_before|seed=25,P8,GA_before,25,P8-T008,5,0.6834554334554332,0.6699999999999999,0.6722425722425722
P8|GA_before|seed=26,P8,GA_before,26,P8-T013,5,0.6834554334554332,0.6699999999999999,0.6722425722425722
P8|GA_before|seed=27,P8,GA_before,27,P8-T019,5,0.6367521367521367,0.69,0.6456267806267806
P8|GA_before|seed=28,P8,GA_before,28,P8-T004,5,0.6367521367521367,0.69,0.6456267806267806
P8|GA_before|seed=29,P8,GA_before,29,P8-T013,5,0.6834554334554332,0.6699999999999999,0.6722425722425722
P8|GA_before|seed=30,P8,GA_before,30,P8-T006,5,0.608058608058608,0.67,0.6183821733821734
P9|GA_before|seed=01,P9,GA_before,1,P9-T001,6,0.384157509157509,0.6066666666666667,0.4212423687423687
P9|GA_before|seed=02,P9,GA_before,2,P9-T002,6,0.3704212454212454,0.6333333333333333,0.4142399267399266
P9|GA_before|seed=03,P9,GA_before,3,P9-T003,6,0.2779304029304029,0.5733333333333334,0.3271642246642246
P9|GA_before|seed=04,P9,GA_before,4,P9-T004,6,0.3919413919413918,0.68,0.4399511599511598
P9|GA_before|seed=05,P9,GA_before,5,P9-T005,6,0.3699633699633699,0.64,0.4149694749694749
P9|GA_before|seed=06,P9,GA_before,6,P9-T006,6,0.2889194139194139,0.5266666666666666,0.328543956043956
P9|GA_before|seed=07,P9,GA_before,7,P9-T007,6,0.2999084249084249,0.5,0.3332570207570207
P9|GA_before|seed=08,P9,GA_before,8,P9-T008,6,0.3699633699633699,0.6466666666666666,0.416080586080586
P9|GA_before|seed=09,P9,GA_before,9,P9-T009,6,0.3072344322344322,0.5466666666666666,0.3471398046398046
P9|GA_before|seed=10,P9,GA_before,10,P9-T010,6,0.2898351648351648,0.5266666666666666,0.3293070818070817
P9|GA_before|seed=11,P9,GA_before,11,P9-T011,6,0.4015567765567764,0.6666666666666666,0.4457417582417581
P9|GA_before|seed=12,P9,GA_before,12,P9-T012,6,0.2898351648351648,0.5066666666666666,0.3259737484737484
P9|GA_before|seed=13,P9,GA_before,13,P9-T013,6,0.3699633699633699,0.6333333333333333,0.4138583638583639
P9|GA_before|seed=14,P9,GA_before,14,P9-T014,6,0.3704212454212454,0.6333333333333333,0.4142399267399266
P9|GA_before|seed=15,P9,GA_before,15,P9-T015,6,0.2971611721611721,0.4933333333333333,0.3298565323565324
P9|GA_before|seed=16,P9,GA_before,16,P9-T016,6,0.4102564102564102,0.68,0.4552136752136752
P9|GA_before|seed=17,P9,GA_before,17,P9-T017,6,0.4102564102564102,0.6799999999999999,0.4552136752136751
P9|GA_before|seed=18,P9,GA_before,18,P9-T018,6,0.3827838827838827,0.6666666666666666,0.43009768009768
P9|GA_before|seed=19,P9,GA_before,19,P9-T019,6,0.3919413919413918,0.6866666666666666,0.4410622710622709
P9|GA_before|seed=20,P9,GA_before,20,P9-T020,6,0.4093406593406593,0.6733333333333333,0.4533394383394383
P9|GA_before|seed=21,P9,GA_before,21,P9-T021,6,0.2779304029304029,0.5666666666666667,0.3260531135531135
P9|GA_before|seed=22,P9,GA_before,22,P9-T022,6,0.298992673992674,0.5466666666666666,0.3402716727716727
P9|GA_before|seed=23,P9,GA_before,23,P9-T023,6,0.2806776556776556,0.5733333333333334,0.3294536019536019
P9|GA_before|seed=24,P9,GA_before,24,P9-T019,6,0.3919413919413918,0.6866666666666666,0.4410622710622709
P9|GA_before|seed=25,P9,GA_before,25,P9-T024,6,0.3035714285714285,0.56,0.3463095238095238
P9|GA_before|seed=26,P9,GA_before,26,P9-T025,6,0.2806776556776556,0.5666666666666667,0.3283424908424908
P9|GA_before|seed=27,P9,GA_before,27,P9-T026,6,0.309065934065934,0.5333333333333333,0.3464438339438339
P9|GA_before|seed=28,P9,GA_before,28,P9-T027,6,0.2715201465201465,0.5666666666666667,0.3207112332112332
P9|GA_before|seed=29,P9,GA_before,29,P9-T028,6,0.2902930402930402,0.5733333333333333,0.3374664224664224
P9|GA_before|seed=30,P9,GA_before,30,P9-T029,6,0.3969780219780219,0.6066666666666667,0.4319261294261293
P10|GA_before|seed=01,P10,GA_before,1,P10-T001,8,0.5669048619868291,0.6392857142857142,0.5789683373699767
P10|GA_before|seed=02,P10,GA_before,2,P10-T002,8,0.6073980664144598,0.6392857142857142,0.6127126743930021
P10|GA_before|seed=03,P10,GA_before,3,P10-T003,8,0.567325206669469,0.6357142857142857,0.5787233865102718
P10|GA_before|seed=04,P10,GA_before,4,P10-T004,8,0.5530801924244546,0.6428571428571428,0.5680430174965693
P10|GA_before|seed=05,P10,GA_before,5,P10-T005,8,0.5702442669655784,0.5785714285714285,0.5716321272332201
P10|GA_before|seed=06,P10,GA_before,6,P10-T006,8,0.5865910046237914,0.625,0.5929925038531595
P10|GA_before|seed=07,P10,GA_before,7,P10-T007,8,0.6223203026481714,0.6428571428571428,0.6257431093496667
P10|GA_before|seed=08,P10,GA_before,8,P10-T008,8,0.5677455513521087,0.6357142857142857,0.5790736737458049
P10|GA_before|seed=09,P10,GA_before,9,P10-T009,8,0.560366166923544,0.6142857142857143,0.5693527581505724
P10|GA_before|seed=10,P10,GA_before,10,P10-T010,8,0.6065573770491803,0.6392857142857142,0.612012099921936
P10|GA_before|seed=11,P10,GA_before,11,P10-T011,8,0.5667413946102471,0.6464285714285714,0.5800225907466344
P10|GA_before|seed=12,P10,GA_before,12,P10-T012,8,0.5710682759863086,0.625,0.5800568966552572
P10|GA_before|seed=13,P10,GA_before,13,P10-T013,8,0.5748680584746159,0.5714285714285714,0.5720018192695787
P10|GA_before|seed=14,P10,GA_before,14,P10-T014,8,0.5804025967960393,0.6607142857142858,0.5937878782824138
P10|GA_before|seed=15,P10,GA_before,15,P10-T015,8,0.5482228760917285,0.6607142857142858,0.5669714443621547
P10|GA_before|seed=16,P10,GA_before,16,P10-T011,8,0.5667413946102471,0.6464285714285714,0.5800225907466344
P10|GA_before|seed=17,P10,GA_before,17,P10-T016,8,0.5602026995469618,0.5964285714285714,0.5662403448605634
P10|GA_before|seed=18,P10,GA_before,18,P10-T017,8,0.5669048619868291,0.6428571428571428,0.5795635754652148
P10|GA_before|seed=19,P10,GA_before,19,P10-T018,8,0.5767829620288636,0.6571428571428571,0.5901762778811958
P10|GA_before|seed=20,P10,GA_before,20,P10-T019,8,0.5671617392928867,0.6464285714285715,0.5803728779821675
P10|GA_before|seed=21,P10,GA_before,21,P10-T020,8,0.5606230442296015,0.5964285714285714,0.5665906320960965
P10|GA_before|seed=22,P10,GA_before,22,P10-T021,8,0.5933165195460277,0.6321428571428571,0.5997875758121659
P10|GA_before|seed=23,P10,GA_before,23,P10-T022,8,0.5509084115641492,0.6714285714285715,0.5709951048748861
P10|GA_before|seed=24,P10,GA_before,24,P10-T023,8,0.5804960067255149,0.6607142857142858,0.5938657198903101
P10|GA_before|seed=25,P10,GA_before,25,P10-T024,8,0.6202185792349726,0.6392857142857142,0.6233964350767628
P10|GA_before|seed=26,P10,GA_before,26,P10-T025,8,0.5273991339565108,0.6285714285714286,0.5442611830589971
P10|GA_before|seed=27,P10,GA_before,27,P10-T026,8,0.6086591004623791,0.6499999999999999,0.6155492503853159
P10|GA_before|seed=28,P10,GA_before,28,P10-T027,8,0.5664845173041894,0.6392857142857142,0.5786180501344435
P10|GA_before|seed=29,P10,GA_before,29,P10-T028,8,0.6189575451870533,0.625,0.619964620989211
P10|GA_before|seed=30,P10,GA_before,30,P10-T029,8,0.5770398393349212,0.6392857142857142,0.5874141518267201
P11|GA_before|seed=01,P11,GA_before,1,P11-T001,9,0.3858974358974358,0.5444444444444445,0.4123219373219373
P11|GA_before|seed=02,P11,GA_before,2,P11-T002,9,0.3846153846153845,0.6194444444444445,0.4237535612535612
P11|GA_before|seed=03,P11,GA_before,3,P11-T003,9,0.3596153846153845,0.5888888888888889,0.3978276353276352
P11|GA_before|seed=04,P11,GA_before,4,P11-T004,9,0.3974358974358974,0.6472222222222223,0.4390669515669516
P11|GA_before|seed=05,P11,GA_before,5,P11-T005,9,0.4128205128205128,0.6499999999999999,0.4523504273504273
P11|GA_before|seed=06,P11,GA_before,6,P11-T006,9,0.3948717948717948,0.5944444444444444,0.4281339031339031
P11|GA_before|seed=07,P11,GA_before,7,P11-T007,9,0.3602564102564101,0.5694444444444444,0.3951210826210825
P11|GA_before|seed=08,P11,GA_before,8,P11-T008,9,0.4096153846153846,0.6472222222222223,0.4492165242165242
P11|GA_before|seed=09,P11,GA_before,9,P11-T009,9,0.4128205128205128,0.6499999999999999,0.4523504273504273
P11|GA_before|seed=10,P11,GA_before,10,P11-T010,9,0.3724358974358973,0.6,0.4103632478632478
P11|GA_before|seed=11,P11,GA_before,11,P11-T011,9,0.3846153846153845,0.6194444444444445,0.4237535612535612
P11|GA_before|seed=12,P11,GA_before,12,P11-T012,9,0.3737179487179486,0.5861111111111111,0.4091168091168091
P11|GA_before|seed=13,P11,GA_before,13,P11-T013,9,0.373076923076923,0.6083333333333334,0.4122863247863247
P11|GA_before|seed=14,P11,GA_before,14,P11-T014,9,0.4102564102564102,0.6083333333333333,0.4432692307692307
P11|GA_before|seed=15,P11,GA_before,15,P11-T015,9,0.3737179487179486,0.6416666666666666,0.4183760683760683
P11|GA_before|seed=16,P11,GA_before,16,P11-T016,9,0.3993589743589743,0.6194444444444445,0.4360398860398859
P11|GA_before|seed=17,P11,GA_before,17,P11-T017,9,0.4384615384615384,0.5833333333333333,0.4626068376068376
P11|GA_before|seed=18,P11,GA_before,18,P11-T018,9,0.3737179487179486,0.6527777777777778,0.4202279202279201
P11|GA_before|seed=19,P11,GA_before,19,P11-T019,9,0.3717948717948717,0.5916666666666667,0.4084401709401709
P11|GA_before|seed=20,P11,GA_before,20,P11-T020,9,0.3974358974358974,0.6388888888888888,0.4376780626780626
P11|GA_before|seed=21,P11,GA_before,21,P11-T021,9,0.3737179487179486,0.6444444444444445,0.4188390313390313
P11|GA_before|seed=22,P11,GA_before,22,P11-T022,9,0.3467948717948717,0.5555555555555556,0.381588319088319
P11|GA_before|seed=23,P11,GA_before,23,P11-T023,9,0.3724358974358973,0.6527777777777778,0.4191595441595441
P11|GA_before|seed=24,P11,GA_before,24,P11-T024,9,0.3480769230769229,0.6027777777777779,0.3905270655270654
P11|GA_before|seed=25,P11,GA_before,25,P11-T025,9,0.373076923076923,0.5805555555555556,0.4076566951566951
P11|GA_before|seed=26,P11,GA_before,26,P11-T026,9,0.4089743589743589,0.6499999999999999,0.4491452991452991
P11|GA_before|seed=27,P11,GA_before,27,P11-T027,9,0.3993589743589743,0.6444444444444444,0.4402065527065527
P11|GA_before|seed=28,P11,GA_before,28,P11-T028,9,0.3974358974358974,0.5722222222222222,0.4265669515669515
P11|GA_before|seed=29,P11,GA_before,29,P11-T029,9,0.373076923076923,0.575,0.4067307692307692
P11|GA_before|seed=30,P11,GA_before,30,P11-T030,9,0.3602564102564101,0.5527777777777778,0.3923433048433047
P12|GA_before|seed=01,P12,GA_before,1,P12-T001,4,0.3089743589743589,0.7,0.3741452991452991
P12|GA_before|seed=02,P12,GA_before,2,P12-T002,4,0.2811965811965811,0.6333333333333333,0.3398860398860397
P12|GA_before|seed=03,P12,GA_before,3,P12-T003,4,0.3555555555555554,0.6166666666666667,0.3990740740740739
P12|GA_before|seed=04,P12,GA_before,4,P12-T004,4,0.3555555555555554,0.6333333333333333,0.4018518518518517
P12|GA_before|seed=05,P12,GA_before,5,P12-T004,4,0.3555555555555554,0.6333333333333333,0.4018518518518517
P12|GA_before|seed=06,P12,GA_before,6,P12-T004,4,0.3555555555555554,0.6333333333333333,0.4018518518518517
P12|GA_before|seed=07,P12,GA_before,7,P12-T005,4,0.3106837606837606,0.5666666666666667,0.3533475783475783
P12|GA_before|seed=08,P12,GA_before,8,P12-T004,4,0.3555555555555554,0.6333333333333333,0.4018518518518517
P12|GA_before|seed=09,P12,GA_before,9,P12-T006,4,0.3311965811965811,0.6666666666666667,0.387108262108262
P12|GA_before|seed=10,P12,GA_before,10,P12-T003,4,0.3555555555555554,0.6166666666666667,0.3990740740740739
P12|GA_before|seed=11,P12,GA_before,11,P12-T007,4,0.3465811965811964,0.5666666666666667,0.3832621082621081
P12|GA_before|seed=12,P12,GA_before,12,P12-T004,4,0.3555555555555554,0.6333333333333333,0.4018518518518517
P12|GA_before|seed=13,P12,GA_before,13,P12-T003,4,0.3555555555555554,0.6166666666666667,0.3990740740740739
P12|GA_before|seed=14,P12,GA_before,14,P12-T008,4,0.3692307692307692,0.7,0.4243589743589743
P12|GA_before|seed=15,P12,GA_before,15,P12-T008,4,0.3692307692307692,0.7,0.4243589743589743
P12|GA_before|seed=16,P12,GA_before,16,P12-T009,4,0.3346153846153845,0.6666666666666666,0.3899572649572649
P12|GA_before|seed=17,P12,GA_before,17,P12-T010,4,0.3064102564102564,0.7,0.372008547008547
P12|GA_before|seed=18,P12,GA_before,18,P12-T008,4,0.3692307692307692,0.7,0.4243589743589743
P12|GA_before|seed=19,P12,GA_before,19,P12-T004,4,0.3555555555555554,0.6333333333333333,0.4018518518518517
P12|GA_before|seed=20,P12,GA_before,20,P12-T004,4,0.3555555555555554,0.6333333333333333,0.4018518518518517
P12|GA_before|seed=21,P12,GA_before,21,P12-T011,4,0.308119658119658,0.6833333333333333,0.3706552706552705
P12|GA_before|seed=22,P12,GA_before,22,P12-T008,4,0.3692307692307692,0.7,0.4243589743589743
P12|GA_before|seed=23,P12,GA_before,23,P12-T012,4,0.3158119658119657,0.5666666666666667,0.3576210826210825
P12|GA_before|seed=24,P12,GA_before,24,P12-T013,4,0.3119658119658119,0.5833333333333333,0.3571937321937321
P12|GA_before|seed=25,P12,GA_before,25,P12-T014,4,0.2632478632478632,0.7,0.336039886039886
P12|GA_before|seed=26,P12,GA_before,26,P12-T015,4,0.3346153846153845,0.65,0.3871794871794871
P12|GA_before|seed=27,P12,GA_before,27,P12-T016,4,0.455128205128205,0.6499999999999999,0.4876068376068376
P12|GA_before|seed=28,P12,GA_before,28,P12-T017,4,0.308119658119658,0.7,0.3734330484330483
P12|GA_before|seed=29,P12,GA_before,29,P12-T004,4,0.3555555555555554,0.6333333333333333,0.4018518518518517
P12|GA_before|seed=30,P12,GA_before,30,P12-T004,4,0.3555555555555554,0.6333333333333333,0.4018518518518517
P13|GA_before|seed=01,P13,GA_before,1,P13-T001,4,0.9670329670329668,0.7,0.7445054945054945
P13|GA_before|seed=02,P13,GA_before,2,P13-T001,4,0.9670329670329668,0.7,0.7445054945054945
P13|GA_before|seed=03,P13,GA_before,3,P13-T002,4,0.9465811965811964,0.7,0.7410968660968661
P13|GA_before|seed=04,P13,GA_before,4,P13-T003,4,0.9108669108669104,0.7,0.735144485144485
P13|GA_before|seed=05,P13,GA_before,5,P13-T001,4,0.9670329670329668,0.7,0.7445054945054945
P13|GA_before|seed=06,P13,GA_before,6,P13-T004,4,0.9465811965811964,0.6833333333333333,0.7272079772079773
P13|GA_before|seed=07,P13,GA_before,7,P13-T005,4,0.9465811965811964,0.7,0.7410968660968661
P13|GA_before|seed=08,P13,GA_before,8,P13-T006,4,0.9395604395604392,0.7,0.7399267399267399
P13|GA_before|seed=09,P13,GA_before,9,P13-T007,4,0.9465811965811964,0.7,0.7410968660968661
P13|GA_before|seed=10,P13,GA_before,10,P13-T002,4,0.9465811965811964,0.7,0.7410968660968661
P13|GA_before|seed=11,P13,GA_before,11,P13-T008,4,0.9075091575091572,0.7,0.7345848595848595
P13|GA_before|seed=12,P13,GA_before,12,P13-T001,4,0.9670329670329668,0.7,0.7445054945054945
P13|GA_before|seed=13,P13,GA_before,13,P13-T009,4,0.9108669108669104,0.7,0.735144485144485
P13|GA_before|seed=14,P13,GA_before,14,P13-T001,4,0.9670329670329668,0.7,0.7445054945054945
P13|GA_before|seed=15,P13,GA_before,15,P13-T005,4,0.9465811965811964,0.7,0.7410968660968661
P13|GA_before|seed=16,P13,GA_before,16,P13-T005,4,0.9465811965811964,0.7,0.7410968660968661
P13|GA_before|seed=17,P13,GA_before,17,P13-T008,4,0.9075091575091572,0.7,0.7345848595848595
P13|GA_before|seed=18,P13,GA_before,18,P13-T010,4,0.9465811965811964,0.7,0.7410968660968661
P13|GA_before|seed=19,P13,GA_before,19,P13-T011,4,0.9465811965811964,0.7,0.7410968660968661
P13|GA_before|seed=20,P13,GA_before,20,P13-T001,4,0.9670329670329668,0.7,0.7445054945054945
P13|GA_before|seed=21,P13,GA_before,21,P13-T012,4,0.9108669108669104,0.7,0.735144485144485
P13|GA_before|seed=22,P13,GA_before,22,P13-T013,4,0.9465811965811964,0.7,0.7410968660968661
P13|GA_before|seed=23,P13,GA_before,23,P13-T007,4,0.9465811965811964,0.7,0.7410968660968661
P13|GA_before|seed=24,P13,GA_before,24,P13-T003,4,0.9108669108669104,0.7,0.735144485144485
P13|GA_before|seed=25,P13,GA_before,25,P13-T014,4,0.9108669108669104,0.7,0.735144485144485
P13|GA_before|seed=26,P13,GA_before,26,P13-T008,4,0.9075091575091572,0.7,0.7345848595848595
P13|GA_before|seed=27,P13,GA_before,27,P13-T006,4,0.9395604395604392,0.7,0.7399267399267399
P13|GA_before|seed=28,P13,GA_before,28,P13-T005,4,0.9465811965811964,0.7,0.7410968660968661
P13|GA_before|seed=29,P13,GA_before,29,P13-T008,4,0.9075091575091572,0.7,0.7345848595848595
P13|GA_before|seed=30,P13,GA_before,30,P13-T008,4,0.9075091575091572,0.7,0.7345848595848595
P14|GA_before|seed=01,P14,GA_before,1,P14-T001,4,0.9670329670329668,0.7,0.7445054945054945
P14|GA_before|seed=02,P14,GA_before,2,P14-T002,4,0.852360602360602,0.7,0.725393433726767
P14|GA_before|seed=03,P14,GA_before,3,P14-T003,4,0.8327228327228325,0.7,0.722120472120472
P14|GA_before|seed=04,P14,GA_before,4,P14-T004,4,0.8327228327228325,0.7,0.722120472120472
P14|GA_before|seed=05,P14,GA_before,5,P14-T005,4,0.777472527472527,0.6833333333333333,0.6990231990231991
P14|GA_before|seed=06,P14,GA_before,6,P14-T006,4,0.8327228327228325,0.6833333333333333,0.7082315832315832
P14|GA_before|seed=07,P14,GA_before,7,P14-T007,4,0.8327228327228325,0.7,0.722120472120472
P14|GA_before|seed=08,P14,GA_before,8,P14-T008,4,0.6898656898656896,0.6833333333333333,0.6844220594220595
P14|GA_before|seed=09,P14,GA_before,9,P14-T009,4,0.952380952380952,0.7,0.7420634920634921
P14|GA_before|seed=10,P14,GA_before,10,P14-T004,4,0.8327228327228325,0.7,0.722120472120472
P14|GA_before|seed=11,P14,GA_before,11,P14-T010,4,0.8073870573870571,0.6833333333333333,0.704008954008954
P14|GA_before|seed=12,P14,GA_before,12,P14-T011,4,0.8217338217338215,0.6833333333333333,0.7064000814000814
P14|GA_before|seed=13,P14,GA_before,13,P14-T003,4,0.8327228327228325,0.7,0.722120472120472
P14|GA_before|seed=14,P14,GA_before,14,P14-T007,4,0.8327228327228325,0.7,0.722120472120472
P14|GA_before|seed=15,P14,GA_before,15,P14-T004,4,0.8327228327228325,0.7,0.722120472120472
P14|GA_before|seed=16,P14,GA_before,16,P14-T007,4,0.8327228327228325,0.7,0.722120472120472
P14|GA_before|seed=17,P14,GA_before,17,P14-T012,4,0.9667277167277164,0.6833333333333333,0.7305657305657306
P14|GA_before|seed=18,P14,GA_before,18,P14-T010,4,0.8073870573870571,0.6833333333333333,0.704008954008954
P14|GA_before|seed=19,P14,GA_before,19,P14-T013,4,0.953093203093203,0.7,0.7421822005155337
P14|GA_before|seed=20,P14,GA_before,20,P14-T014,4,0.8324175824175821,0.6833333333333333,0.7081807081807082
P14|GA_before|seed=21,P14,GA_before,21,P14-T003,4,0.8327228327228325,0.7,0.722120472120472
P14|GA_before|seed=22,P14,GA_before,22,P14-T004,4,0.8327228327228325,0.7,0.722120472120472
P14|GA_before|seed=23,P14,GA_before,23,P14-T013,4,0.953093203093203,0.7,0.7421822005155337
P14|GA_before|seed=24,P14,GA_before,24,P14-T015,4,0.8537851037851034,0.7,0.7256308506308505
P14|GA_before|seed=25,P14,GA_before,25,P14-T016,4,0.953093203093203,0.6833333333333333,0.7282933116266449
P14|GA_before|seed=26,P14,GA_before,26,P14-T017,4,0.953093203093203,0.6833333333333333,0.7282933116266449
P14|GA_before|seed=27,P14,GA_before,27,P14-T009,4,0.952380952380952,0.7,0.7420634920634921
P14|GA_before|seed=28,P14,GA_before,28,P14-T018,4,0.8327228327228325,0.7,0.722120472120472
P14|GA_before|seed=29,P14,GA_before,29,P14-T007,4,0.8327228327228325,0.7,0.722120472120472
P14|GA_before|seed=30,P14,GA_before,30,P14-T001,4,0.9670329670329668,0.7,0.7445054945054945
P15|GA_before|seed=01,P15,GA_before,1,P15-T001,5,0.3457875457875456,0.6599999999999999,0.398156288156288
P15|GA_before|seed=02,P15,GA_before,2,P15-T002,5,0.3305494505494505,0.64,0.3821245421245421
P15|GA_before|seed=03,P15,GA_before,3,P15-T003,5,0.3649084249084249,0.5800000000000001,0.4007570207570207
P15|GA_before|seed=04,P15,GA_before,4,P15-T004,5,0.3125274725274724,0.5900000000000001,0.3587728937728937
P15|GA_before|seed=05,P15,GA_before,5,P15-T005,5,0.3332600732600732,0.54,0.3677167277167276
P15|GA_before|seed=06,P15,GA_before,6,P15-T006,5,0.2889377289377288,0.5800000000000001,0.3374481074481073
P15|GA_before|seed=07,P15,GA_before,7,P15-T007,5,0.3488644688644687,0.66,0.4007203907203907
P15|GA_before|seed=08,P15,GA_before,8,P15-T008,5,0.3413186813186813,0.62,0.3877655677655677
P15|GA_before|seed=09,P15,GA_before,9,P15-T009,5,0.297142857142857,0.62,0.3509523809523809
P15|GA_before|seed=10,P15,GA_before,10,P15-T010,5,0.3483516483516483,0.6599999999999999,0.4002930402930402
P15|GA_before|seed=11,P15,GA_before,11,P15-T011,5,0.3342857142857142,0.55,0.3702380952380952
P15|GA_before|seed=12,P15,GA_before,12,P15-T012,5,0.3565567765567765,0.65,0.4054639804639804
P15|GA_before|seed=13,P15,GA_before,13,P15-T013,5,0.3473260073260072,0.6599999999999999,0.3994383394383393
P15|GA_before|seed=14,P15,GA_before,14,P15-T014,5,0.2997069597069596,0.5900000000000001,0.3480891330891331
P15|GA_before|seed=15,P15,GA_before,15,P15-T015,5,0.2997069597069596,0.61,0.3514224664224664
P15|GA_before|seed=16,P15,GA_before,16,P15-T016,5,0.3358241758241757,0.55,0.3715201465201465
P15|GA_before|seed=17,P15,GA_before,17,P15-T017,5,0.3442490842490841,0.68,0.4002075702075701
P15|GA_before|seed=18,P15,GA_before,18,P15-T018,5,0.3413186813186813,0.62,0.3877655677655677
P15|GA_before|seed=19,P15,GA_before,19,P15-T012,5,0.3565567765567765,0.65,0.4054639804639804
P15|GA_before|seed=20,P15,GA_before,20,P15-T019,5,0.3332600732600732,0.53,0.366050061050061
P15|GA_before|seed=21,P15,GA_before,21,P15-T020,5,0.3238095238095237,0.53,0.3581746031746031
P15|GA_before|seed=22,P15,GA_before,22,P15-T021,5,0.3079120879120878,0.5700000000000001,0.3515934065934065
P15|GA_before|seed=23,P15,GA_before,23,P15-T022,5,0.3545054945054944,0.62,0.3987545787545787
P15|GA_before|seed=24,P15,GA_before,24,P15-T023,5,0.3084249084249083,0.63,0.3620207570207569
P15|GA_before|seed=25,P15,GA_before,25,P15-T024,5,0.3002197802197802,0.56,0.3435164835164834
P15|GA_before|seed=26,P15,GA_before,26,P15-T023,5,0.3084249084249083,0.63,0.3620207570207569
P15|GA_before|seed=27,P15,GA_before,27,P15-T025,5,0.3176556776556776,0.5900000000000001,0.363046398046398
P15|GA_before|seed=28,P15,GA_before,28,P15-T026,5,0.3638827838827838,0.5800000000000001,0.3999023199023199
P15|GA_before|seed=29,P15,GA_before,29,P15-T027,5,0.3693772893772893,0.65,0.416147741147741
P15|GA_before|seed=30,P15,GA_before,30,P15-T028,5,0.2899633699633698,0.56,0.3349694749694749
P16|GA_before|seed=01,P16,GA_before,1,P16-T001,9,0.4021958537915984,0.6333333333333333,0.4407187670485541
P16|GA_before|seed=02,P16,GA_before,2,P16-T002,9,0.4202127659574467,0.6555555555555556,0.4594365642237981
P16|GA_before|seed=03,P16,GA_before,3,P16-T003,9,0.4191216584833605,0.5777777777777777,0.4455643450324301
P16|GA_before|seed=04,P16,GA_before,4,P16-T004,9,0.4202127659574467,0.5916666666666667,0.44878841607565
P16|GA_before|seed=05,P16,GA_before,5,P16-T005,9,0.4191216584833605,0.5777777777777777,0.4455643450324301
P16|GA_before|seed=06,P16,GA_before,6,P16-T006,9,0.3850791052918711,0.6055555555555556,0.4218251803358185
P16|GA_before|seed=07,P16,GA_before,7,P16-T007,9,0.4174849972722312,0.6055555555555556,0.4488300903194519
P16|GA_before|seed=08,P16,GA_before,8,P16-T008,9,0.3784779050736497,0.6083333333333334,0.4167871431169303
P16|GA_before|seed=09,P16,GA_before,9,P16-T009,9,0.4202127659574467,0.6555555555555556,0.4594365642237981
P16|GA_before|seed=10,P16,GA_before,10,P16-T010,9,0.4158483360611019,0.6083333333333334,0.4479291689398072
P16|GA_before|seed=11,P16,GA_before,11,P16-T011,9,0.416393889798145,0.6,0.4469949081651208
P16|GA_before|seed=12,P16,GA_before,12,P16-T012,9,0.3738952536824876,0.5944444444444444,0.4106534521428138
P16|GA_before|seed=13,P16,GA_before,13,P16-T013,9,0.3804964539007091,0.5833333333333334,0.4143026004728132
P16|GA_before|seed=14,P16,GA_before,14,P16-T014,9,0.3939579923622476,0.6222222222222222,0.4320020306722433
P16|GA_before|seed=15,P16,GA_before,15,P16-T001,9,0.4021958537915984,0.6333333333333333,0.4407187670485541
P16|GA_before|seed=16,P16,GA_before,16,P16-T015,9,0.4021958537915984,0.625,0.4393298781596653
P16|GA_before|seed=17,P16,GA_before,17,P16-T016,9,0.4191216584833605,0.5694444444444444,0.4441754561435411
P16|GA_before|seed=18,P16,GA_before,18,P16-T017,9,0.4174849972722312,0.6,0.447904164393526
P16|GA_before|seed=19,P16,GA_before,19,P16-T018,9,0.4174849972722312,0.6083333333333334,0.4492930532824148
P16|GA_before|seed=20,P16,GA_before,20,P16-T019,9,0.4191216584833605,0.6472222222222223,0.4571384191065041
P16|GA_before|seed=21,P16,GA_before,21,P16-T020,9,0.4196672122204036,0.6027777777777779,0.4501856398132993
P16|GA_before|seed=22,P16,GA_before,22,P16-T021,9,0.3790234588106927,0.6166666666666667,0.4186306601200217
P16|GA_before|seed=23,P16,GA_before,23,P16-T022,9,0.4025504637206764,0.6305555555555555,0.440551312359823
P16|GA_before|seed=24,P16,GA_before,24,P16-T023,9,0.4030960174577195,0.6527777777777777,0.4447096441777292
P16|GA_before|seed=25,P16,GA_before,25,P16-T001,9,0.4021958537915984,0.6333333333333333,0.4407187670485541
P16|GA_before|seed=26,P16,GA_before,26,P16-T024,9,0.4196672122204036,0.5972222222222222,0.4492597138873734
P16|GA_before|seed=27,P16,GA_before,27,P16-T025,9,0.4174849972722312,0.6111111111111112,0.4497560162453778
P16|GA_before|seed=28,P16,GA_before,28,P16-T002,9,0.4202127659574467,0.6555555555555556,0.4594365642237981
P16|GA_before|seed=29,P16,GA_before,29,P16-T026,9,0.4174849972722312,0.6027777777777779,0.4483671273564889
P16|GA_before|seed=30,P16,GA_before,30,P16-T027,9,0.4036415711947627,0.6527777777777778,0.4451642722919318
P1|GA_corrected|seed=01,P1,GA_corrected,1,P1-T028,9,0.6309703368526898,0.5944444444444444,0.600532093179152
P1|GA_corrected|seed=02,P1,GA_corrected,2,P1-T029,9,0.6299648064353947,0.586111111111111,0.593420060331825
P1|GA_corrected|seed=03,P1,GA_corrected,3,P1-T030,9,0.6319758672699849,0.6027777777777779,0.607644126026479
P1|GA_corrected|seed=04,P1,GA_corrected,4,P1-T031,9,0.6182755153343388,0.6361111111111111,0.6212481146304675
P1|GA_corrected|seed=05,P1,GA_corrected,5,P1-T032,9,0.6192810457516339,0.6333333333333333,0.6216230936819171
P1|GA_corrected|seed=06,P1,GA_corrected,6,P1-T033,9,0.6113624937154348,0.6,0.6018937489525725
P1|GA_corrected|seed=07,P1,GA_corrected,7,P1-T034,9,0.63298139768728,0.5777777777777777,0.5869783810960281
P1|GA_corrected|seed=08,P1,GA_corrected,8,P1-T035,9,0.620286576168929,0.5722222222222222,0.5802329478800067
P1|GA_corrected|seed=09,P1,GA_corrected,9,P1-T036,9,0.63298139768728,0.575,0.5846635662812133
P1|GA_corrected|seed=10,P1,GA_corrected,10,P1-T037,9,0.6319758672699849,0.5944444444444444,0.6006996815820346
P1|GA_corrected|seed=11,P1,GA_corrected,11,P1-T038,9,0.6314731020613373,0.5916666666666667,0.5983010725657785
P1|GA_corrected|seed=12,P1,GA_corrected,12,P1-T039,9,0.6304675716440422,0.6,0.6050779286073403
P1|GA_corrected|seed=13,P1,GA_corrected,13,P1-T040,9,0.627262443438914,0.6,0.6045437405731523
P1|GA_corrected|seed=14,P1,GA_corrected,14,P1-T041,9,0.6309703368526898,0.6,0.6051617228087817
P1|GA_corrected|seed=15,P1,GA_corrected,15,P1-T042,9,0.6349924585218703,0.575,0.5849987430869784
P1|GA_corrected|seed=16,P1,GA_corrected,16,P1-T043,9,0.6309703368526898,0.5888888888888889,0.5959024635495224
P1|GA_corrected|seed=17,P1,GA_corrected,17,P1-T044,9,0.6304675716440422,0.6083333333333334,0.6120223730517849
P1|GA_corrected|seed=18,P1,GA_corrected,18,P1-T045,9,0.6319758672699849,0.586111111111111,0.59375523713759
P1|GA_corrected|seed=19,P1,GA_corrected,19,P1-T046,9,0.6309703368526898,0.5972222222222222,0.6028469079939668
P1|GA_corrected|seed=20,P1,GA_corrected,20,P1-T047,9,0.6182755153343388,0.5888888888888889,0.5937866599631306
P1|GA_corrected|seed=21,P1,GA_corrected,21,P1-T039,9,0.6304675716440422,0.6,0.6050779286073403
P1|GA_corrected|seed=22,P1,GA_corrected,22,P1-T048,9,0.6135620915032679,0.5944444444444444,0.5976307189542484
P1|GA_corrected|seed=23,P1,GA_corrected,23,P1-T049,9,0.6309703368526898,0.5888888888888889,0.5959024635495224
P1|GA_corrected|seed=24,P1,GA_corrected,24,P1-T050,9,0.6182755153343388,0.6305555555555555,0.6203221887045416
P1|GA_corrected|seed=25,P1,GA_corrected,25,P1-T051,9,0.6299648064353947,0.6055555555555556,0.6096237640355288
P1|GA_corrected|seed=26,P1,GA_corrected,26,P1-T052,9,0.6314731020613373,0.6083333333333334,0.6121899614546674
P1|GA_corrected|seed=27,P1,GA_corrected,27,P1-T053,9,0.6299648064353947,0.5916666666666667,0.5980496899614547
P1|GA_corrected|seed=28,P1,GA_corrected,28,P1-T032,9,0.6192810457516339,0.6333333333333333,0.6216230936819171
P1|GA_corrected|seed=29,P1,GA_corrected,29,P1-T054,9,0.6314731020613373,0.6,0.6052455170102229
P1|GA_corrected|seed=30,P1,GA_corrected,30,P1-T055,9,0.6309703368526898,0.5722222222222222,0.5820135746606334
P2|GA_corrected|seed=01,P2,GA_corrected,1,P2-T030,8,0.4533551554828149,0.5535714285714286,0.4700578676642505
P2|GA_corrected|seed=02,P2,GA_corrected,2,P2-T031,8,0.4431260229132569,0.5678571428571428,0.4639145429039046
P2|GA_corrected|seed=03,P2,GA_corrected,3,P2-T032,8,0.4533551554828149,0.5321428571428571,0.466486439092822
P2|GA_corrected|seed=04,P2,GA_corrected,4,P2-T033,8,0.446331151118385,0.5428571428571429,0.4624188164081781
P2|GA_corrected|seed=05,P2,GA_corrected,5,P2-T034,8,0.4522640480087287,0.5785714285714285,0.473315278102512
P2|GA_corrected|seed=06,P2,GA_corrected,6,P2-T035,8,0.4517184942716857,0.5785714285714285,0.4728606499883095
P2|GA_corrected|seed=07,P2,GA_corrected,7,P2-T036,8,0.4511729405346426,0.5785714285714285,0.472406021874107
P2|GA_corrected|seed=08,P2,GA_corrected,8,P2-T034,8,0.4522640480087287,0.5785714285714285,0.473315278102512
P2|GA_corrected|seed=09,P2,GA_corrected,9,P2-T037,8,0.4522640480087287,0.5678571428571428,0.4715295638167978
P2|GA_corrected|seed=10,P2,GA_corrected,10,P2-T038,8,0.4544462629569012,0.5249999999999999,0.466205219130751
P2|GA_corrected|seed=11,P2,GA_corrected,11,P2-T039,8,0.4555373704309874,0.5357142857142857,0.4689001896448705
P2|GA_corrected|seed=12,P2,GA_corrected,12,P2-T040,8,0.4533551554828149,0.5607142857142857,0.4712483438547267
P2|GA_corrected|seed=13,P2,GA_corrected,13,P2-T041,8,0.4533551554828149,0.5285714285714285,0.4658912009975839
P2|GA_corrected|seed=14,P2,GA_corrected,14,P2-T042,8,0.4555373704309874,0.5535714285714286,0.471876380121061
P2|GA_corrected|seed=15,P2,GA_corrected,15,P2-T043,8,0.4533551554828149,0.5607142857142857,0.4712483438547267
P2|GA_corrected|seed=16,P2,GA_corrected,16,P2-T044,8,0.4555373704309874,0.5428571428571429,0.4700906658353467
P2|GA_corrected|seed=17,P2,GA_corrected,17,P2-T045,8,0.4517184942716857,0.575,0.4722654118930713
P2|GA_corrected|seed=18,P2,GA_corrected,18,P2-T046,8,0.4555373704309874,0.5428571428571429,0.4700906658353467
P2|GA_corrected|seed=19,P2,GA_corrected,19,P2-T047,8,0.4431260229132569,0.5642857142857143,0.4633193048086664
P2|GA_corrected|seed=20,P2,GA_corrected,20,P2-T048,8,0.4539007092198581,0.5535714285714286,0.4705124957784532
P2|GA_corrected|seed=21,P2,GA_corrected,21,P2-T049,8,0.4431260229132569,0.5571428571428572,0.4621288286181902
P2|GA_corrected|seed=22,P2,GA_corrected,22,P2-T050,8,0.4539007092198581,0.5392857142857144,0.4681315433975008
P2|GA_corrected|seed=23,P2,GA_corrected,23,P2-T051,8,0.4485133660665574,0.5285714285714285,0.461856376484036
P2|GA_corrected|seed=24,P2,GA_corrected,24,P2-T052,8,0.445785597381342,0.575,0.4673213311511183
P2|GA_corrected|seed=25,P2,GA_corrected,25,P2-T053,8,0.4452400436442989,0.5714285714285714,0.4662714649416776
P2|GA_corrected|seed=26,P2,GA_corrected,26,P2-T054,8,0.4528096017457719,0.5678571428571428,0.4719841919310004
P2|GA_corrected|seed=27,P2,GA_corrected,27,P2-T055,8,0.4522640480087287,0.5285714285714286,0.4649819447691787
P2|GA_corrected|seed=28,P2,GA_corrected,28,P2-T056,8,0.4555373704309874,0.5392857142857143,0.4694954277401086
P2|GA_corrected|seed=29,P2,GA_corrected,29,P2-T057,8,0.4517184942716857,0.5571428571428572,0.4692892214168809
P2|GA_corrected|seed=30,P2,GA_corrected,30,P2-T058,8,0.445785597381342,0.575,0.4673213311511183
P3|GA_corrected|seed=01,P3,GA_corrected,1,P3-T019,5,0.6947496947496946,0.61,0.6241249491249491
P3|GA_corrected|seed=02,P3,GA_corrected,2,P3-T020,5,0.6975986975986975,0.63,0.641266449599783
P3|GA_corrected|seed=03,P3,GA_corrected,3,P3-T021,5,0.6925111925111924,0.63,0.6404185320851987
P3|GA_corrected|seed=04,P3,GA_corrected,4,P3-T022,5,0.6664631664631664,0.68,0.6687193053859719
P3|GA_corrected|seed=05,P3,GA_corrected,5,P3-T023,5,0.6774521774521775,0.61,0.6212420295753629
P3|GA_corrected|seed=06,P3,GA_corrected,6,P3-T024,5,0.6746031746031744,0.59,0.604100529100529
P3|GA_corrected|seed=07,P3,GA_corrected,7,P3-T025,5,0.664021164021164,0.68,0.6666843033509698
P3|GA_corrected|seed=08,P3,GA_corrected,8,P3-T026,5,0.6768416768416768,0.65,0.6544736128069462
P3|GA_corrected|seed=09,P3,GA_corrected,9,P3-T021,5,0.6925111925111924,0.63,0.6404185320851987
P3|GA_corrected|seed=10,P3,GA_corrected,10,P3-T027,5,0.6953601953601952,0.6599999999999999,0.6658933658933658
P3|GA_corrected|seed=11,P3,GA_corrected,11,P3-T028,5,0.6906796906796906,0.66,0.6651132817799484
P3|GA_corrected|seed=12,P3,GA_corrected,12,P3-T001,5,0.6935286935286934,0.68,0.6822547822547823
P3|GA_corrected|seed=13,P3,GA_corrected,13,P3-T029,5,0.6878306878306878,0.59,0.6063051146384479
P3|GA_corrected|seed=14,P3,GA_corrected,14,P3-T001,5,0.6935286935286934,0.68,0.6822547822547823
P3|GA_corrected|seed=15,P3,GA_corrected,15,P3-T030,5,0.6929181929181928,0.65,0.6571530321530321
P3|GA_corrected|seed=16,P3,GA_corrected,16,P3-T031,5,0.6727716727716726,0.61,0.6204619454619454
P3|GA_corrected|seed=17,P3,GA_corrected,17,P3-T027,5,0.6953601953601952,0.6599999999999999,0.6658933658933658
P3|GA_corrected|seed=18,P3,GA_corrected,18,P3-T001,5,0.6935286935286934,0.68,0.6822547822547823
P3|GA_corrected|seed=19,P3,GA_corrected,19,P3-T032,5,0.6906796906796906,0.62,0.6317799484466151
P3|GA_corrected|seed=20,P3,GA_corrected,20,P3-T033,5,0.6953601953601952,0.64,0.6492266992266992
P3|GA_corrected|seed=21,P3,GA_corrected,21,P3-T001,5,0.6935286935286934,0.68,0.6822547822547823
P3|GA_corrected|seed=22,P3,GA_corrected,22,P3-T034,5,0.6658526658526658,0.67,0.6665438882105548
P3|GA_corrected|seed=23,P3,GA_corrected,23,P3-T016,5,0.6935286935286934,0.66,0.6655881155881156
P3|GA_corrected|seed=24,P3,GA_corrected,24,P3-T035,5,0.6923076923076922,0.5900000000000001,0.607051282051282
P3|GA_corrected|seed=25,P3,GA_corrected,25,P3-T021,5,0.6925111925111924,0.63,0.6404185320851987
P3|GA_corrected|seed=26,P3,GA_corrected,26,P3-T036,5,0.6994301994301994,0.64,0.6499050332383666
P3|GA_corrected|seed=27,P3,GA_corrected,27,P3-T001,5,0.6935286935286934,0.68,0.6822547822547823
P3|GA_corrected|seed=28,P3,GA_corrected,28,P3-T022,5,0.6664631664631664,0.68,0.6687193053859719
P3|GA_corrected|seed=29,P3,GA_corrected,29,P3-T027,5,0.6953601953601952,0.6599999999999999,0.6658933658933658
P3|GA_corrected|seed=30,P3,GA_corrected,30,P3-T037,5,0.6772486772486772,0.64,0.6462081128747795
P4|GA_corrected|seed=01,P4,GA_corrected,1,P4-T029,9,0.6775446775446775,0.6083333333333334,0.6198685573685574
P4|GA_corrected|seed=02,P4,GA_corrected,2,P4-T030,9,0.6891996891996892,0.6055555555555556,0.6194962444962445
P4|GA_corrected|seed=03,P4,GA_corrected,3,P4-T031,9,0.6872651653901652,0.6194444444444445,0.6307478979353979
P4|GA_corrected|seed=04,P4,GA_corrected,4,P4-T032,9,0.6768120768120767,0.6444444444444445,0.6498390498390498
P4|GA_corrected|seed=05,P4,GA_corrected,5,P4-T033,9,0.6760107947607946,0.5833333333333333,0.5987795769045768
P4|GA_corrected|seed=06,P4,GA_corrected,6,P4-T034,9,0.6775446775446775,0.6388888888888888,0.6453315203315203
P4|GA_corrected|seed=07,P4,GA_corrected,7,P4-T035,9,0.6871184371184369,0.5916666666666667,0.6075752950752951
P4|GA_corrected|seed=08,P4,GA_corrected,8,P4-T036,9,0.7008547008547008,0.6055555555555556,0.6214387464387464
P4|GA_corrected|seed=09,P4,GA_corrected,9,P4-T037,9,0.7008547008547008,0.6055555555555556,0.6214387464387464
P4|GA_corrected|seed=10,P4,GA_corrected,10,P4-T038,9,0.6891996891996892,0.6,0.6148666148666149
P4|GA_corrected|seed=11,P4,GA_corrected,11,P4-T039,9,0.6775446775446775,0.6222222222222222,0.6314426314426315
P4|GA_corrected|seed=12,P4,GA_corrected,12,P4-T040,9,0.6891996891996892,0.6055555555555556,0.6194962444962445
P4|GA_corrected|seed=13,P4,GA_corrected,13,P4-T041,9,0.6754634254634253,0.586111111111111,0.6010031635031634
P4|GA_corrected|seed=14,P4,GA_corrected,14,P4-T042,9,0.6560224497724497,0.5833333333333333,0.595448186073186
P4|GA_corrected|seed=15,P4,GA_corrected,15,P4-T043,9,0.6645160395160394,0.5805555555555555,0.5945489695489695
P4|GA_corrected|seed=16,P4,GA_corrected,16,P4-T044,9,0.7008547008547008,0.6027777777777777,0.6191239316239315
P4|GA_corrected|seed=17,P4,GA_corrected,17,P4-T045,9,0.6891996891996892,0.6027777777777779,0.6171814296814297
P4|GA_corrected|seed=18,P4,GA_corrected,18,P4-T046,9,0.6891996891996892,0.6111111111111112,0.6241258741258742
P4|GA_corrected|seed=19,P4,GA_corrected,19,P4-T047,9,0.6891996891996892,0.6055555555555555,0.6194962444962445
P4|GA_corrected|seed=20,P4,GA_corrected,20,P4-T048,9,0.6891996891996892,0.6,0.6148666148666149
P4|GA_corrected|seed=21,P4,GA_corrected,21,P4-T049,9,0.6872651653901652,0.6055555555555556,0.6191738238613239
P4|GA_corrected|seed=22,P4,GA_corrected,22,P4-T050,9,0.6891996891996892,0.5972222222222222,0.6125518000518001
P4|GA_corrected|seed=23,P4,GA_corrected,23,P4-T051,9,0.6754634254634253,0.6138888888888889,0.6241513116513117
P4|GA_corrected|seed=24,P4,GA_corrected,24,P4-T052,9,0.671844128094128,0.6444444444444444,0.6490110583860583
P4|GA_corrected|seed=25,P4,GA_corrected,25,P4-T053,9,0.6676774614274614,0.5944444444444444,0.6066499472749473
P4|GA_corrected|seed=26,P4,GA_corrected,26,P4-T054,9,0.6872651653901652,0.6222222222222222,0.6330627127502128
P4|GA_corrected|seed=27,P4,GA_corrected,27,P4-T055,9,0.6891996891996892,0.6166666666666667,0.6287555037555038
P4|GA_corrected|seed=28,P4,GA_corrected,28,P4-T056,9,0.6872651653901652,0.625,0.6353775275650275
P4|GA_corrected|seed=29,P4,GA_corrected,29,P4-T057,9,0.6891996891996892,0.5944444444444444,0.6102369852369852
P4|GA_corrected|seed=30,P4,GA_corrected,30,P4-T058,9,0.6822972166722167,0.5944444444444444,0.6090865731490732
P5|GA_corrected|seed=01,P5,GA_corrected,1,P5-T030,4,0.6305361305361306,0.6166666666666667,0.618978243978244
P5|GA_corrected|seed=02,P5,GA_corrected,2,P5-T031,4,0.6153846153846154,0.6666666666666666,0.6239316239316239
P5|GA_corrected|seed=03,P5,GA_corrected,3,P5-T022,4,0.6153846153846154,0.6833333333333333,0.6267094017094017
P5|GA_corrected|seed=04,P5,GA_corrected,4,P5-T032,4,0.6293706293706294,0.6166666666666667,0.6187839937839938
P5|GA_corrected|seed=05,P5,GA_corrected,5,P5-T033,4,0.6177156177156176,0.6666666666666666,0.6258741258741257
P5|GA_corrected|seed=06,P5,GA_corrected,6,P5-T034,4,0.6235431235431235,0.6666666666666667,0.6307303807303807
P5|GA_corrected|seed=07,P5,GA_corrected,7,P5-T035,4,0.6188811188811187,0.6166666666666667,0.6170357420357421
P5|GA_corrected|seed=08,P5,GA_corrected,8,P5-T036,4,0.6165501165501165,0.6833333333333333,0.6276806526806525
P5|GA_corrected|seed=09,P5,GA_corrected,9,P5-T030,4,0.6305361305361306,0.6166666666666667,0.618978243978244
P5|GA_corrected|seed=10,P5,GA_corrected,10,P5-T036,4,0.6165501165501165,0.6833333333333333,0.6276806526806525
P5|GA_corrected|seed=11,P5,GA_corrected,11,P5-T036,4,0.6165501165501165,0.6833333333333333,0.6276806526806525
P5|GA_corrected|seed=12,P5,GA_corrected,12,P5-T010,4,0.6142191142191141,0.6833333333333333,0.6257381507381506
P5|GA_corrected|seed=13,P5,GA_corrected,13,P5-T037,4,0.6282051282051282,0.6166666666666667,0.6185897435897436
P5|GA_corrected|seed=14,P5,GA_corrected,14,P5-T038,4,0.6149184149184149,0.6666666666666667,0.6235431235431236
P5|GA_corrected|seed=15,P5,GA_corrected,15,P5-T039,4,0.5967365967365966,0.6833333333333333,0.6111693861693861
P5|GA_corrected|seed=16,P5,GA_corrected,16,P5-T036,4,0.6165501165501165,0.6833333333333333,0.6276806526806525
P5|GA_corrected|seed=17,P5,GA_corrected,17,P5-T030,4,0.6305361305361306,0.6166666666666667,0.618978243978244
P5|GA_corrected|seed=18,P5,GA_corrected,18,P5-T033,4,0.6177156177156176,0.6666666666666666,0.6258741258741257
P5|GA_corrected|seed=19,P5,GA_corrected,19,P5-T028,4,0.6142191142191141,0.6833333333333333,0.6257381507381506
P5|GA_corrected|seed=20,P5,GA_corrected,20,P5-T040,4,0.6293706293706294,0.6166666666666667,0.6187839937839938
P5|GA_corrected|seed=21,P5,GA_corrected,21,P5-T036,4,0.6165501165501165,0.6833333333333333,0.6276806526806525
P5|GA_corrected|seed=22,P5,GA_corrected,22,P5-T033,4,0.6177156177156176,0.6666666666666666,0.6258741258741257
P5|GA_corrected|seed=23,P5,GA_corrected,23,P5-T036,4,0.6165501165501165,0.6833333333333333,0.6276806526806525
P5|GA_corrected|seed=24,P5,GA_corrected,24,P5-T041,4,0.6386946386946387,0.6,0.6064491064491064
P5|GA_corrected|seed=25,P5,GA_corrected,25,P5-T022,4,0.6153846153846154,0.6833333333333333,0.6267094017094017
P5|GA_corrected|seed=26,P5,GA_corrected,26,P5-T042,4,0.6177156177156176,0.6666666666666666,0.6258741258741257
P5|GA_corrected|seed=27,P5,GA_corrected,27,P5-T043,4,0.6142191142191141,0.6833333333333333,0.6257381507381506
P5|GA_corrected|seed=28,P5,GA_corrected,28,P5-T044,4,0.6142191142191141,0.6833333333333333,0.6257381507381506
P5|GA_corrected|seed=29,P5,GA_corrected,29,P5-T030,4,0.6305361305361306,0.6166666666666667,0.618978243978244
P5|GA_corrected|seed=30,P5,GA_corrected,30,P5-T045,4,0.6386946386946387,0.6,0.6064491064491064
P6|GA_corrected|seed=01,P6,GA_corrected,1,P6-T027,7,0.5202464202464202,0.5714285714285714,0.5287767787767788
P6|GA_corrected|seed=02,P6,GA_corrected,2,P6-T028,7,0.5213675213675213,0.5761904761904761,0.5305046805046804
P6|GA_corrected|seed=03,P6,GA_corrected,3,P6-T029,7,0.5213675213675213,0.5571428571428572,0.5273300773300772
P6|GA_corrected|seed=04,P6,GA_corrected,4,P6-T030,7,0.5176823176823176,0.5952380952380952,0.5306082806082806
P6|GA_corrected|seed=05,P6,GA_corrected,5,P6-T031,7,0.5213675213675213,0.5714285714285714,0.5297110297110296
P6|GA_corrected|seed=06,P6,GA_corrected,6,P6-T032,7,0.5213675213675213,0.5857142857142856,0.5320919820919819
P6|GA_corrected|seed=07,P6,GA_corrected,7,P6-T033,7,0.5210234210234209,0.6,0.5341861841861841
P6|GA_corrected|seed=08,P6,GA_corrected,8,P6-T034,7,0.5202464202464202,0.5857142857142856,0.5311577311577311
P6|GA_corrected|seed=09,P6,GA_corrected,9,P6-T035,7,0.5213675213675213,0.5714285714285714,0.5297110297110296
P6|GA_corrected|seed=10,P6,GA_corrected,10,P6-T036,7,0.5213675213675213,0.6,0.5344729344729344
P6|GA_corrected|seed=11,P6,GA_corrected,11,P6-T037,7,0.5213675213675213,0.6,0.5344729344729344
P6|GA_corrected|seed=12,P6,GA_corrected,12,P6-T038,7,0.5210234210234209,0.5761904761904761,0.5302179302179302
P6|GA_corrected|seed=13,P6,GA_corrected,13,P6-T039,7,0.5213675213675213,0.5904761904761904,0.5328856328856327
P6|GA_corrected|seed=14,P6,GA_corrected,14,P6-T040,7,0.5213675213675213,0.5857142857142856,0.5320919820919819
P6|GA_corrected|seed=15,P6,GA_corrected,15,P6-T033,7,0.5210234210234209,0.6,0.5341861841861841
P6|GA_corrected|seed=16,P6,GA_corrected,16,P6-T041,7,0.5176823176823176,0.5714285714285714,0.5266400266400266
P6|GA_corrected|seed=17,P6,GA_corrected,17,P6-T042,7,0.5213675213675213,0.5904761904761904,0.5328856328856327
P6|GA_corrected|seed=18,P6,GA_corrected,18,P6-T043,7,0.5176823176823176,0.5714285714285714,0.5266400266400266
P6|GA_corrected|seed=19,P6,GA_corrected,19,P6-T037,7,0.5213675213675213,0.6,0.5344729344729344
P6|GA_corrected|seed=20,P6,GA_corrected,20,P6-T044,7,0.5210234210234209,0.5809523809523809,0.531011581011581
P6|GA_corrected|seed=21,P6,GA_corrected,21,P6-T045,7,0.5207903207903207,0.5571428571428572,0.5268490768490768
P6|GA_corrected|seed=22,P6,GA_corrected,22,P6-T046,7,0.5213675213675213,0.5761904761904761,0.5305046805046804
P6|GA_corrected|seed=23,P6,GA_corrected,23,P6-T047,7,0.5213675213675213,0.5809523809523809,0.5312983312983312
P6|GA_corrected|seed=24,P6,GA_corrected,24,P6-T048,7,0.5213675213675213,0.5523809523809524,0.5265364265364264
P6|GA_corrected|seed=25,P6,GA_corrected,25,P6-T049,7,0.5213675213675213,0.6047619047619048,0.5352665852665852
P6|GA_corrected|seed=26,P6,GA_corrected,26,P6-T050,7,0.5213675213675213,0.5952380952380952,0.5336792836792836
P6|GA_corrected|seed=27,P6,GA_corrected,27,P6-T051,7,0.5213675213675213,0.5523809523809524,0.5265364265364264
P6|GA_corrected|seed=28,P6,GA_corrected,28,P6-T052,7,0.5213675213675213,0.6095238095238095,0.536060236060236
P6|GA_corrected|seed=29,P6,GA_corrected,29,P6-T053,7,0.5202464202464202,0.5714285714285714,0.5287767787767788
P6|GA_corrected|seed=30,P6,GA_corrected,30,P6-T054,7,0.5213675213675213,0.5952380952380952,0.5336792836792836
P7|GA_corrected|seed=01,P7,GA_corrected,1,P7-T024,5,0.6272616272616273,0.66,0.6327180227180228
P7|GA_corrected|seed=02,P7,GA_corrected,2,P7-T024,5,0.6272616272616273,0.66,0.6327180227180228
P7|GA_corrected|seed=03,P7,GA_corrected,3,P7-T025,5,0.6264846264846264,0.66,0.6320705220705221
P7|GA_corrected|seed=04,P7,GA_corrected,4,P7-T026,5,0.6257076257076257,0.66,0.6314230214230214
P7|GA_corrected|seed=05,P7,GA_corrected,5,P7-T027,5,0.6257076257076257,0.64,0.6280896880896881
P7|GA_corrected|seed=06,P7,GA_corrected,6,P7-T028,5,0.61005661005661,0.65,0.6167138417138417
P7|GA_corrected|seed=07,P7,GA_corrected,7,P7-T024,5,0.6272616272616273,0.66,0.6327180227180228
P7|GA_corrected|seed=08,P7,GA_corrected,8,P7-T024,5,0.6272616272616273,0.66,0.6327180227180228
P7|GA_corrected|seed=09,P7,GA_corrected,9,P7-T025,5,0.6264846264846264,0.66,0.6320705220705221
P7|GA_corrected|seed=10,P7,GA_corrected,10,P7-T029,5,0.6117216117216118,0.6599999999999999,0.6197680097680097
P7|GA_corrected|seed=11,P7,GA_corrected,11,P7-T024,5,0.6272616272616273,0.66,0.6327180227180228
P7|GA_corrected|seed=12,P7,GA_corrected,12,P7-T024,5,0.6272616272616273,0.66,0.6327180227180228
P7|GA_corrected|seed=13,P7,GA_corrected,13,P7-T030,5,0.6264846264846264,0.65,0.6304038554038554
P7|GA_corrected|seed=14,P7,GA_corrected,14,P7-T031,5,0.6264846264846264,0.66,0.6320705220705221
P7|GA_corrected|seed=15,P7,GA_corrected,15,P7-T032,5,0.6257076257076257,0.65,0.6297563547563547
P7|GA_corrected|seed=16,P7,GA_corrected,16,P7-T033,5,0.6272616272616273,0.65,0.6310513560513561
P7|GA_corrected|seed=17,P7,GA_corrected,17,P7-T034,5,0.6112776112776113,0.5900000000000001,0.5935462685462686
P7|GA_corrected|seed=18,P7,GA_corrected,18,P7-T024,5,0.6272616272616273,0.66,0.6327180227180228
P7|GA_corrected|seed=19,P7,GA_corrected,19,P7-T030,5,0.6264846264846264,0.65,0.6304038554038554
P7|GA_corrected|seed=20,P7,GA_corrected,20,P7-T025,5,0.6264846264846264,0.66,0.6320705220705221
P7|GA_corrected|seed=21,P7,GA_corrected,21,P7-T025,5,0.6264846264846264,0.66,0.6320705220705221
P7|GA_corrected|seed=22,P7,GA_corrected,22,P7-T024,5,0.6272616272616273,0.66,0.6327180227180228
P7|GA_corrected|seed=23,P7,GA_corrected,23,P7-T025,5,0.6264846264846264,0.66,0.6320705220705221
P7|GA_corrected|seed=24,P7,GA_corrected,24,P7-T024,5,0.6272616272616273,0.66,0.6327180227180228
P7|GA_corrected|seed=25,P7,GA_corrected,25,P7-T024,5,0.6272616272616273,0.66,0.6327180227180228
P7|GA_corrected|seed=26,P7,GA_corrected,26,P7-T031,5,0.6264846264846264,0.66,0.6320705220705221
P7|GA_corrected|seed=27,P7,GA_corrected,27,P7-T025,5,0.6264846264846264,0.66,0.6320705220705221
P7|GA_corrected|seed=28,P7,GA_corrected,28,P7-T024,5,0.6272616272616273,0.66,0.6327180227180228
P7|GA_corrected|seed=29,P7,GA_corrected,29,P7-T035,5,0.6132756132756132,0.5900000000000001,0.5938792688792689
P7|GA_corrected|seed=30,P7,GA_corrected,30,P7-T036,5,0.6065046065046065,0.67,0.6170871720871721
P8|GA_corrected|seed=01,P8,GA_corrected,1,P8-T020,5,0.6967338217338217,0.5800000000000001,0.599455636955637
P8|GA_corrected|seed=02,P8,GA_corrected,2,P8-T021,5,0.6976495726495726,0.65,0.6579415954415954
P8|GA_corrected|seed=03,P8,GA_corrected,3,P8-T022,5,0.6994810744810744,0.68,0.6832468457468458
P8|GA_corrected|seed=04,P8,GA_corrected,4,P8-T023,5,0.7008547008547008,0.67,0.6751424501424501
P8|GA_corrected|seed=05,P8,GA_corrected,5,P8-T024,5,0.7008547008547008,0.6699999999999999,0.6751424501424501
P8|GA_corrected|seed=06,P8,GA_corrected,6,P8-T025,5,0.7008547008547008,0.5800000000000001,0.6001424501424503
P8|GA_corrected|seed=07,P8,GA_corrected,7,P8-T026,5,0.7008547008547007,0.68,0.6834757834757835
P8|GA_corrected|seed=08,P8,GA_corrected,8,P8-T027,5,0.6976495726495726,0.6,0.6162749287749287
P8|GA_corrected|seed=09,P8,GA_corrected,9,P8-T023,5,0.7008547008547008,0.67,0.6751424501424501
P8|GA_corrected|seed=10,P8,GA_corrected,10,P8-T023,5,0.7008547008547008,0.67,0.6751424501424501
P8|GA_corrected|seed=11,P8,GA_corrected,11,P8-T028,5,0.6985653235653235,0.63,0.6414275539275539
P8|GA_corrected|seed=12,P8,GA_corrected,12,P8-T029,5,0.7008547008547008,0.66,0.6668091168091168
P8|GA_corrected|seed=13,P8,GA_corrected,13,P8-T026,5,0.7008547008547007,0.68,0.6834757834757835
P8|GA_corrected|seed=14,P8,GA_corrected,14,P8-T030,5,0.7008547008547008,0.66,0.6668091168091168
P8|GA_corrected|seed=15,P8,GA_corrected,15,P8-T031,5,0.7008547008547008,0.65,0.6584757834757835
P8|GA_corrected|seed=16,P8,GA_corrected,16,P8-T032,5,0.6981074481074481,0.6599999999999999,0.6663512413512414
P8|GA_corrected|seed=17,P8,GA_corrected,17,P8-T023,5,0.7008547008547008,0.67,0.6751424501424501
P8|GA_corrected|seed=18,P8,GA_corrected,18,P8-T033,5,0.7008547008547008,0.6000000000000001,0.6168091168091169
P8|GA_corrected|seed=19,P8,GA_corrected,19,P8-T034,5,0.7008547008547008,0.63,0.6418091168091168
P8|GA_corrected|seed=20,P8,GA_corrected,20,P8-T035,5,0.6985653235653235,0.63,0.6414275539275539
P8|GA_corrected|seed=21,P8,GA_corrected,21,P8-T036,5,0.7008547008547008,0.6699999999999999,0.6751424501424501
P8|GA_corrected|seed=22,P8,GA_corrected,22,P8-T037,5,0.6994810744810744,0.64,0.6499135124135124
P8|GA_corrected|seed=23,P8,GA_corrected,23,P8-T038,5,0.7008547008547008,0.66,0.6668091168091168
P8|GA_corrected|seed=24,P8,GA_corrected,24,P8-T023,5,0.7008547008547008,0.67,0.6751424501424501
P8|GA_corrected|seed=25,P8,GA_corrected,25,P8-T021,5,0.6976495726495726,0.65,0.6579415954415954
P8|GA_corrected|seed=26,P8,GA_corrected,26,P8-T039,5,0.7008547008547008,0.65,0.6584757834757835
P8|GA_corrected|seed=27,P8,GA_corrected,27,P8-T040,5,0.7008547008547008,0.6599999999999999,0.6668091168091168
P8|GA_corrected|seed=28,P8,GA_corrected,28,P8-T036,5,0.7008547008547008,0.6699999999999999,0.6751424501424501
P8|GA_corrected|seed=29,P8,GA_corrected,29,P8-T041,5,0.7008547008547008,0.63,0.6418091168091168
P8|GA_corrected|seed=30,P8,GA_corrected,30,P8-T042,5,0.6999389499389499,0.68,0.6833231583231584
P9|GA_corrected|seed=01,P9,GA_corrected,1,P9-T030,6,0.4601648351648351,0.5933333333333333,0.4823595848595848
P9|GA_corrected|seed=02,P9,GA_corrected,2,P9-T031,6,0.4537545787545787,0.5733333333333334,0.473684371184371
P9|GA_corrected|seed=03,P9,GA_corrected,3,P9-T032,6,0.4574175824175823,0.5866666666666667,0.4789590964590964
P9|GA_corrected|seed=04,P9,GA_corrected,4,P9-T033,6,0.4574175824175823,0.5933333333333333,0.4800702075702074
P9|GA_corrected|seed=05,P9,GA_corrected,5,P9-T034,6,0.4377289377289377,0.6333333333333333,0.4703296703296702
P9|GA_corrected|seed=06,P9,GA_corrected,6,P9-T035,6,0.4395604395604395,0.6466666666666666,0.4740781440781441
P9|GA_corrected|seed=07,P9,GA_corrected,7,P9-T036,6,0.4606227106227105,0.5866666666666667,0.4816300366300366
P9|GA_corrected|seed=08,P9,GA_corrected,8,P9-T037,6,0.4487179487179487,0.6066666666666667,0.475042735042735
P9|GA_corrected|seed=09,P9,GA_corrected,9,P9-T038,6,0.4468864468864468,0.6466666666666667,0.4801831501831501
P9|GA_corrected|seed=10,P9,GA_corrected,10,P9-T030,6,0.4601648351648351,0.5933333333333333,0.4823595848595848
P9|GA_corrected|seed=11,P9,GA_corrected,11,P9-T039,6,0.4565018315018315,0.5933333333333333,0.4793070818070817
P9|GA_corrected|seed=12,P9,GA_corrected,12,P9-T040,6,0.4505494505494505,0.5733333333333333,0.471013431013431
P9|GA_corrected|seed=13,P9,GA_corrected,13,P9-T041,6,0.4505494505494505,0.6266666666666667,0.4799023199023199
P9|GA_corrected|seed=14,P9,GA_corrected,14,P9-T042,6,0.4601648351648351,0.5666666666666667,0.4779151404151404
P9|GA_corrected|seed=15,P9,GA_corrected,15,P9-T030,6,0.4601648351648351,0.5933333333333333,0.4823595848595848
P9|GA_corrected|seed=16,P9,GA_corrected,16,P9-T043,6,0.4578754578754578,0.5666666666666667,0.4760073260073259
P9|GA_corrected|seed=17,P9,GA_corrected,17,P9-T044,6,0.4523809523809523,0.5666666666666667,0.4714285714285713
P9|GA_corrected|seed=18,P9,GA_corrected,18,P9-T045,6,0.4423076923076923,0.6533333333333333,0.4774786324786325
P9|GA_corrected|seed=19,P9,GA_corrected,19,P9-T046,6,0.4574175824175823,0.5933333333333333,0.4800702075702074
P9|GA_corrected|seed=20,P9,GA_corrected,20,P9-T047,6,0.4574175824175823,0.5933333333333333,0.4800702075702074
P9|GA_corrected|seed=21,P9,GA_corrected,21,P9-T048,6,0.4569597069597069,0.5666666666666667,0.4752442002442001
P9|GA_corrected|seed=22,P9,GA_corrected,22,P9-T049,6,0.4468864468864468,0.6000000000000001,0.4724053724053724
P9|GA_corrected|seed=23,P9,GA_corrected,23,P9-T050,6,0.4601648351648351,0.5733333333333334,0.4790262515262515
P9|GA_corrected|seed=24,P9,GA_corrected,24,P9-T047,6,0.4574175824175823,0.5933333333333333,0.4800702075702074
P9|GA_corrected|seed=25,P9,GA_corrected,25,P9-T038,6,0.4468864468864468,0.6466666666666667,0.4801831501831501
P9|GA_corrected|seed=26,P9,GA_corrected,26,P9-T033,6,0.4574175824175823,0.5933333333333333,0.4800702075702074
P9|GA_corrected|seed=27,P9,GA_corrected,27,P9-T051,6,0.450091575091575,0.56,0.4684096459096458
P9|GA_corrected|seed=28,P9,GA_corrected,28,P9-T052,6,0.4574175824175823,0.5800000000000001,0.4778479853479853
P9|GA_corrected|seed=29,P9,GA_corrected,29,P9-T053,6,0.4468864468864468,0.6333333333333333,0.477960927960928
P9|GA_corrected|seed=30,P9,GA_corrected,30,P9-T054,6,0.4601648351648351,0.5866666666666667,0.4812484737484737
P10|GA_corrected|seed=01,P10,GA_corrected,1,P10-T030,8,0.6299332119004251,0.6107142857142857,0.6139174400786422
P10|GA_corrected|seed=02,P10,GA_corrected,2,P10-T031,8,0.6330390920554855,0.6071428571428572,0.611458896294962
P10|GA_corrected|seed=03,P10,GA_corrected,3,P10-T032,8,0.6166923543972723,0.6035714285714286,0.6057582495424026
P10|GA_corrected|seed=04,P10,GA_corrected,4,P10-T033,8,0.6303535565830648,0.6142857142857143,0.6169636880019395
P10|GA_corrected|seed=05,P10,GA_corrected,5,P10-T034,8,0.6223203026481714,0.6357142857142857,0.6245526331591905
P10|GA_corrected|seed=06,P10,GA_corrected,6,P10-T035,8,0.6198682919994395,0.5821428571428571,0.5884304296189542
P10|GA_corrected|seed=07,P10,GA_corrected,7,P10-T036,8,0.6347204707860445,0.5928571428571429,0.5998343641786265
P10|GA_corrected|seed=08,P10,GA_corrected,8,P10-T037,8,0.6299332119004251,0.5857142857142857,0.593084106745309
P10|GA_corrected|seed=09,P10,GA_corrected,9,P10-T038,8,0.6145906309840735,0.6,0.602431771830679
P10|GA_corrected|seed=10,P10,GA_corrected,10,P10-T039,8,0.6309373686422867,0.5821428571428571,0.5902752757260954
P10|GA_corrected|seed=11,P10,GA_corrected,11,P10-T007,8,0.6223203026481714,0.6428571428571428,0.6257431093496667
P10|GA_corrected|seed=12,P10,GA_corrected,12,P10-T040,8,0.6326187473728457,0.5857142857142856,0.5935316959907123
P10|GA_corrected|seed=13,P10,GA_corrected,13,P10-T041,8,0.6223203026481714,0.6357142857142857,0.6245526331591905
P10|GA_corrected|seed=14,P10,GA_corrected,14,P10-T042,8,0.6303535565830648,0.6035714285714286,0.6080351165733681
P10|GA_corrected|seed=15,P10,GA_corrected,15,P10-T043,8,0.6313577133249264,0.5928571428571427,0.5992739046017733
P10|GA_corrected|seed=16,P10,GA_corrected,16,P10-T044,8,0.6185372005044135,0.6214285714285714,0.6190190956584398
P10|GA_corrected|seed=17,P10,GA_corrected,17,P10-T045,8,0.6303535565830648,0.6142857142857143,0.6169636880019395
P10|GA_corrected|seed=18,P10,GA_corrected,18,P10-T046,8,0.6299332119004251,0.5857142857142857,0.593084106745309
P10|GA_corrected|seed=19,P10,GA_corrected,19,P10-T046,8,0.6299332119004251,0.5857142857142857,0.593084106745309
P10|GA_corrected|seed=20,P10,GA_corrected,20,P10-T047,8,0.6299332119004251,0.6071428571428572,0.6109412496024519
P10|GA_corrected|seed=21,P10,GA_corrected,21,P10-T041,8,0.6223203026481714,0.6357142857142857,0.6245526331591905
P10|GA_corrected|seed=22,P10,GA_corrected,22,P10-T007,8,0.6223203026481714,0.6428571428571428,0.6257431093496667
P10|GA_corrected|seed=23,P10,GA_corrected,23,P10-T048,8,0.6351408154686843,0.6035714285714285,0.6088329930543045
P10|GA_corrected|seed=24,P10,GA_corrected,24,P10-T049,8,0.6299332119004251,0.6178571428571429,0.6198698210310233
P10|GA_corrected|seed=25,P10,GA_corrected,25,P10-T050,8,0.6202185792349726,0.6392857142857142,0.6233964350767628
P10|GA_corrected|seed=26,P10,GA_corrected,26,P10-T051,8,0.6202185792349726,0.6321428571428571,0.6222059588862866
P10|GA_corrected|seed=27,P10,GA_corrected,27,P10-T052,8,0.6330390920554855,0.6071428571428572,0.611458896294962
P10|GA_corrected|seed=28,P10,GA_corrected,28,P10-T053,8,0.6006725514922235,0.5642857142857143,0.5703501871534659
P10|GA_corrected|seed=29,P10,GA_corrected,29,P10-T054,8,0.6326187473728457,0.6,0.6054364578954743
P10|GA_corrected|seed=30,P10,GA_corrected,30,P10-T055,8,0.6181869132688804,0.5892857142857143,0.5941025807829087
P11|GA_corrected|seed=01,P11,GA_corrected,1,P11-T031,9,0.4532051282051281,0.6277777777777778,0.4823005698005697
P11|GA_corrected|seed=02,P11,GA_corrected,2,P11-T032,9,0.4358974358974358,0.6277777777777778,0.4678774928774928
P11|GA_corrected|seed=03,P11,GA_corrected,3,P11-T033,9,0.4519230769230768,0.5611111111111111,0.4701210826210825
P11|GA_corrected|seed=04,P11,GA_corrected,4,P11-T034,9,0.4532051282051281,0.6277777777777778,0.4823005698005697
P11|GA_corrected|seed=05,P11,GA_corrected,5,P11-T035,9,0.4538461538461538,0.5583333333333333,0.4712606837606838
P11|GA_corrected|seed=06,P11,GA_corrected,6,P11-T034,9,0.4532051282051281,0.6277777777777778,0.4823005698005697
P11|GA_corrected|seed=07,P11,GA_corrected,7,P11-T036,9,0.4525641025641025,0.5805555555555555,0.4738960113960114
P11|GA_corrected|seed=08,P11,GA_corrected,8,P11-T037,9,0.4365384615384615,0.6333333333333333,0.4693376068376068
P11|GA_corrected|seed=09,P11,GA_corrected,9,P11-T038,9,0.4512820512820512,0.6222222222222222,0.4797720797720797
P11|GA_corrected|seed=10,P11,GA_corrected,10,P11-T039,9,0.4519230769230768,0.5916666666666667,0.4752136752136751
P11|GA_corrected|seed=11,P11,GA_corrected,11,P11-T040,9,0.4512820512820512,0.5694444444444444,0.4709757834757835
P11|GA_corrected|seed=12,P11,GA_corrected,12,P11-T041,9,0.4512820512820512,0.6305555555555555,0.4811609686609686
P11|GA_corrected|seed=13,P11,GA_corrected,13,P11-T042,9,0.4519230769230768,0.5861111111111111,0.4742877492877492
P11|GA_corrected|seed=14,P11,GA_corrected,14,P11-T043,9,0.4519230769230768,0.5777777777777777,0.4728988603988602
P11|GA_corrected|seed=15,P11,GA_corrected,15,P11-T044,9,0.4378205128205128,0.6277777777777778,0.4694800569800569
P11|GA_corrected|seed=16,P11,GA_corrected,16,P11-T045,9,0.4512820512820512,0.5861111111111111,0.4737535612535613
P11|GA_corrected|seed=17,P11,GA_corrected,17,P11-T046,9,0.4532051282051281,0.6194444444444445,0.4809116809116808
P11|GA_corrected|seed=18,P11,GA_corrected,18,P11-T047,9,0.4519230769230768,0.6111111111111112,0.4784544159544159
P11|GA_corrected|seed=19,P11,GA_corrected,19,P11-T048,9,0.4532051282051281,0.6222222222222222,0.4813746438746438
P11|GA_corrected|seed=20,P11,GA_corrected,20,P11-T049,9,0.4532051282051281,0.5527777777777778,0.4698005698005698
P11|GA_corrected|seed=21,P11,GA_corrected,21,P11-T050,9,0.4378205128205128,0.6305555555555555,0.4699430199430199
P11|GA_corrected|seed=22,P11,GA_corrected,22,P11-T034,9,0.4532051282051281,0.6277777777777778,0.4823005698005697
P11|GA_corrected|seed=23,P11,GA_corrected,23,P11-T051,9,0.4519230769230768,0.5944444444444444,0.4756766381766381
P11|GA_corrected|seed=24,P11,GA_corrected,24,P11-T034,9,0.4532051282051281,0.6277777777777778,0.4823005698005697
P11|GA_corrected|seed=25,P11,GA_corrected,25,P11-T052,9,0.4532051282051281,0.6194444444444445,0.4809116809116808
P11|GA_corrected|seed=26,P11,GA_corrected,26,P11-T053,9,0.4358974358974358,0.6333333333333333,0.4688034188034187
P11|GA_corrected|seed=27,P11,GA_corrected,27,P11-T048,9,0.4532051282051281,0.6222222222222222,0.4813746438746438
P11|GA_corrected|seed=28,P11,GA_corrected,28,P11-T054,9,0.4512820512820512,0.586111111111111,0.4737535612535613
P11|GA_corrected|seed=29,P11,GA_corrected,29,P11-T055,9,0.4519230769230768,0.575,0.4724358974358973
P11|GA_corrected|seed=30,P11,GA_corrected,30,P11-T056,9,0.4519230769230768,0.5888888888888889,0.4747507122507122
P12|GA_corrected|seed=01,P12,GA_corrected,1,P12-T018,4,0.4564102564102563,0.6,0.4803418803418803
P12|GA_corrected|seed=02,P12,GA_corrected,2,P12-T016,4,0.455128205128205,0.6499999999999999,0.4876068376068376
P12|GA_corrected|seed=03,P12,GA_corrected,3,P12-T019,4,0.4564102564102563,0.6333333333333333,0.4858974358974359
P12|GA_corrected|seed=04,P12,GA_corrected,4,P12-T020,4,0.4538461538461538,0.6333333333333333,0.4837606837606837
P12|GA_corrected|seed=05,P12,GA_corrected,5,P12-T021,4,0.4564102564102563,0.6333333333333333,0.4858974358974359
P12|GA_corrected|seed=06,P12,GA_corrected,6,P12-T016,4,0.455128205128205,0.6499999999999999,0.4876068376068376
P12|GA_corrected|seed=07,P12,GA_corrected,7,P12-T022,4,0.3961538461538461,0.6,0.4301282051282051
P12|GA_corrected|seed=08,P12,GA_corrected,8,P12-T023,4,0.4538461538461538,0.6333333333333333,0.4837606837606837
P12|GA_corrected|seed=09,P12,GA_corrected,9,P12-T016,4,0.455128205128205,0.6499999999999999,0.4876068376068376
P12|GA_corrected|seed=10,P12,GA_corrected,10,P12-T016,4,0.455128205128205,0.6499999999999999,0.4876068376068376
P12|GA_corrected|seed=11,P12,GA_corrected,11,P12-T024,4,0.4538461538461538,0.4833333333333333,0.4587606837606837
P12|GA_corrected|seed=12,P12,GA_corrected,12,P12-T016,4,0.455128205128205,0.6499999999999999,0.4876068376068376
P12|GA_corrected|seed=13,P12,GA_corrected,13,P12-T025,4,0.4564102564102563,0.6333333333333333,0.4858974358974359
P12|GA_corrected|seed=14,P12,GA_corrected,14,P12-T016,4,0.455128205128205,0.6499999999999999,0.4876068376068376
P12|GA_corrected|seed=15,P12,GA_corrected,15,P12-T016,4,0.455128205128205,0.6499999999999999,0.4876068376068376
P12|GA_corrected|seed=16,P12,GA_corrected,16,P12-T025,4,0.4564102564102563,0.6333333333333333,0.4858974358974359
P12|GA_corrected|seed=17,P12,GA_corrected,17,P12-T016,4,0.455128205128205,0.6499999999999999,0.4876068376068376
P12|GA_corrected|seed=18,P12,GA_corrected,18,P12-T016,4,0.455128205128205,0.6499999999999999,0.4876068376068376
P12|GA_corrected|seed=19,P12,GA_corrected,19,P12-T026,4,0.4564102564102563,0.6333333333333333,0.4858974358974359
P12|GA_corrected|seed=20,P12,GA_corrected,20,P12-T021,4,0.4564102564102563,0.6333333333333333,0.4858974358974359
P12|GA_corrected|seed=21,P12,GA_corrected,21,P12-T027,4,0.455128205128205,0.6166666666666667,0.482051282051282
P12|GA_corrected|seed=22,P12,GA_corrected,22,P12-T021,4,0.4564102564102563,0.6333333333333333,0.4858974358974359
P12|GA_corrected|seed=23,P12,GA_corrected,23,P12-T016,4,0.455128205128205,0.6499999999999999,0.4876068376068376
P12|GA_corrected|seed=24,P12,GA_corrected,24,P12-T026,4,0.4564102564102563,0.6333333333333333,0.4858974358974359
P12|GA_corrected|seed=25,P12,GA_corrected,25,P12-T016,4,0.455128205128205,0.6499999999999999,0.4876068376068376
P12|GA_corrected|seed=26,P12,GA_corrected,26,P12-T026,4,0.4564102564102563,0.6333333333333333,0.4858974358974359
P12|GA_corrected|seed=27,P12,GA_corrected,27,P12-T016,4,0.455128205128205,0.6499999999999999,0.4876068376068376
P12|GA_corrected|seed=28,P12,GA_corrected,28,P12-T028,4,0.4564102564102563,0.6333333333333333,0.4858974358974359
P12|GA_corrected|seed=29,P12,GA_corrected,29,P12-T016,4,0.455128205128205,0.6499999999999999,0.4876068376068376
P12|GA_corrected|seed=30,P12,GA_corrected,30,P12-T019,4,0.4564102564102563,0.6333333333333333,0.4858974358974359
P13|GA_corrected|seed=01,P13,GA_corrected,1,P13-T001,4,0.9670329670329668,0.7,0.7445054945054945
P13|GA_corrected|seed=02,P13,GA_corrected,2,P13-T007,4,0.9465811965811964,0.7,0.7410968660968661
P13|GA_corrected|seed=03,P13,GA_corrected,3,P13-T001,4,0.9670329670329668,0.7,0.7445054945054945
P13|GA_corrected|seed=04,P13,GA_corrected,4,P13-T001,4,0.9670329670329668,0.7,0.7445054945054945
P13|GA_corrected|seed=05,P13,GA_corrected,5,P13-T001,4,0.9670329670329668,0.7,0.7445054945054945
P13|GA_corrected|seed=06,P13,GA_corrected,6,P13-T013,4,0.9465811965811964,0.7,0.7410968660968661
P13|GA_corrected|seed=07,P13,GA_corrected,7,P13-T001,4,0.9670329670329668,0.7,0.7445054945054945
P13|GA_corrected|seed=08,P13,GA_corrected,8,P13-T001,4,0.9670329670329668,0.7,0.7445054945054945
P13|GA_corrected|seed=09,P13,GA_corrected,9,P13-T001,4,0.9670329670329668,0.7,0.7445054945054945
P13|GA_corrected|seed=10,P13,GA_corrected,10,P13-T015,4,0.9337606837606836,0.7,0.738960113960114
P13|GA_corrected|seed=11,P13,GA_corrected,11,P13-T016,4,0.9670329670329668,0.6833333333333333,0.7306166056166057
P13|GA_corrected|seed=12,P13,GA_corrected,12,P13-T001,4,0.9670329670329668,0.7,0.7445054945054945
P13|GA_corrected|seed=13,P13,GA_corrected,13,P13-T007,4,0.9465811965811964,0.7,0.7410968660968661
P13|GA_corrected|seed=14,P13,GA_corrected,14,P13-T007,4,0.9465811965811964,0.7,0.7410968660968661
P13|GA_corrected|seed=15,P13,GA_corrected,15,P13-T001,4,0.9670329670329668,0.7,0.7445054945054945
P13|GA_corrected|seed=16,P13,GA_corrected,16,P13-T001,4,0.9670329670329668,0.7,0.7445054945054945
P13|GA_corrected|seed=17,P13,GA_corrected,17,P13-T002,4,0.9465811965811964,0.7,0.7410968660968661
P13|GA_corrected|seed=18,P13,GA_corrected,18,P13-T005,4,0.9465811965811964,0.7,0.7410968660968661
P13|GA_corrected|seed=19,P13,GA_corrected,19,P13-T001,4,0.9670329670329668,0.7,0.7445054945054945
P13|GA_corrected|seed=20,P13,GA_corrected,20,P13-T001,4,0.9670329670329668,0.7,0.7445054945054945
P13|GA_corrected|seed=21,P13,GA_corrected,21,P13-T007,4,0.9465811965811964,0.7,0.7410968660968661
P13|GA_corrected|seed=22,P13,GA_corrected,22,P13-T001,4,0.9670329670329668,0.7,0.7445054945054945
P13|GA_corrected|seed=23,P13,GA_corrected,23,P13-T001,4,0.9670329670329668,0.7,0.7445054945054945
P13|GA_corrected|seed=24,P13,GA_corrected,24,P13-T011,4,0.9465811965811964,0.7,0.7410968660968661
P13|GA_corrected|seed=25,P13,GA_corrected,25,P13-T017,4,0.9337606837606836,0.7,0.738960113960114
P13|GA_corrected|seed=26,P13,GA_corrected,26,P13-T001,4,0.9670329670329668,0.7,0.7445054945054945
P13|GA_corrected|seed=27,P13,GA_corrected,27,P13-T001,4,0.9670329670329668,0.7,0.7445054945054945
P13|GA_corrected|seed=28,P13,GA_corrected,28,P13-T001,4,0.9670329670329668,0.7,0.7445054945054945
P13|GA_corrected|seed=29,P13,GA_corrected,29,P13-T001,4,0.9670329670329668,0.7,0.7445054945054945
P13|GA_corrected|seed=30,P13,GA_corrected,30,P13-T001,4,0.9670329670329668,0.7,0.7445054945054945
P14|GA_corrected|seed=01,P14,GA_corrected,1,P14-T012,4,0.9667277167277164,0.6833333333333333,0.7305657305657306
P14|GA_corrected|seed=02,P14,GA_corrected,2,P14-T019,4,0.9670329670329668,0.6833333333333333,0.7306166056166057
P14|GA_corrected|seed=03,P14,GA_corrected,3,P14-T009,4,0.952380952380952,0.7,0.7420634920634921
P14|GA_corrected|seed=04,P14,GA_corrected,4,P14-T020,4,0.966015466015466,0.6833333333333333,0.7304470221136888
P14|GA_corrected|seed=05,P14,GA_corrected,5,P14-T021,4,0.9559422059422058,0.65,0.7009903676570343
P14|GA_corrected|seed=06,P14,GA_corrected,6,P14-T022,4,0.9667277167277164,0.6833333333333333,0.7305657305657306
P14|GA_corrected|seed=07,P14,GA_corrected,7,P14-T013,4,0.953093203093203,0.7,0.7421822005155337
P14|GA_corrected|seed=08,P14,GA_corrected,8,P14-T019,4,0.9670329670329668,0.6833333333333333,0.7306166056166057
P14|GA_corrected|seed=09,P14,GA_corrected,9,P14-T001,4,0.9670329670329668,0.7,0.7445054945054945
P14|GA_corrected|seed=10,P14,GA_corrected,10,P14-T001,4,0.9670329670329668,0.7,0.7445054945054945
P14|GA_corrected|seed=11,P14,GA_corrected,11,P14-T009,4,0.952380952380952,0.7,0.7420634920634921
P14|GA_corrected|seed=12,P14,GA_corrected,12,P14-T010,4,0.8073870573870571,0.6833333333333333,0.704008954008954
P14|GA_corrected|seed=13,P14,GA_corrected,13,P14-T001,4,0.9670329670329668,0.7,0.7445054945054945
P14|GA_corrected|seed=14,P14,GA_corrected,14,P14-T009,4,0.952380952380952,0.7,0.7420634920634921
P14|GA_corrected|seed=15,P14,GA_corrected,15,P14-T009,4,0.952380952380952,0.7,0.7420634920634921
P14|GA_corrected|seed=16,P14,GA_corrected,16,P14-T013,4,0.953093203093203,0.7,0.7421822005155337
P14|GA_corrected|seed=17,P14,GA_corrected,17,P14-T009,4,0.952380952380952,0.7,0.7420634920634921
P14|GA_corrected|seed=18,P14,GA_corrected,18,P14-T001,4,0.9670329670329668,0.7,0.7445054945054945
P14|GA_corrected|seed=19,P14,GA_corrected,19,P14-T009,4,0.952380952380952,0.7,0.7420634920634921
P14|GA_corrected|seed=20,P14,GA_corrected,20,P14-T013,4,0.953093203093203,0.7,0.7421822005155337
P14|GA_corrected|seed=21,P14,GA_corrected,21,P14-T009,4,0.952380952380952,0.7,0.7420634920634921
P14|GA_corrected|seed=22,P14,GA_corrected,22,P14-T001,4,0.9670329670329668,0.7,0.7445054945054945
P14|GA_corrected|seed=23,P14,GA_corrected,23,P14-T001,4,0.9670329670329668,0.7,0.7445054945054945
P14|GA_corrected|seed=24,P14,GA_corrected,24,P14-T001,4,0.9670329670329668,0.7,0.7445054945054945
P14|GA_corrected|seed=25,P14,GA_corrected,25,P14-T023,4,0.9667277167277164,0.6833333333333333,0.7305657305657306
P14|GA_corrected|seed=26,P14,GA_corrected,26,P14-T024,4,0.9667277167277164,0.6833333333333333,0.7305657305657306
P14|GA_corrected|seed=27,P14,GA_corrected,27,P14-T001,4,0.9670329670329668,0.7,0.7445054945054945
P14|GA_corrected|seed=28,P14,GA_corrected,28,P14-T001,4,0.9670329670329668,0.7,0.7445054945054945
P14|GA_corrected|seed=29,P14,GA_corrected,29,P14-T025,4,0.9574684574684574,0.65,0.7012447429114096
P14|GA_corrected|seed=30,P14,GA_corrected,30,P14-T026,4,0.955229955229955,0.6666666666666666,0.7147605480938813
P15|GA_corrected|seed=01,P15,GA_corrected,1,P15-T029,5,0.4360439560439559,0.68,0.4767032967032966
P15|GA_corrected|seed=02,P15,GA_corrected,2,P15-T030,5,0.4512820512820512,0.5900000000000001,0.4744017094017094
P15|GA_corrected|seed=03,P15,GA_corrected,3,P15-T031,5,0.4584615384615385,0.56,0.4753846153846153
P15|GA_corrected|seed=04,P15,GA_corrected,4,P15-T032,5,0.4543589743589742,0.5700000000000001,0.4736324786324785
P15|GA_corrected|seed=05,P15,GA_corrected,5,P15-T033,5,0.4384615384615384,0.62,0.4687179487179487
P15|GA_corrected|seed=06,P15,GA_corrected,6,P15-T029,5,0.4360439560439559,0.68,0.4767032967032966
P15|GA_corrected|seed=07,P15,GA_corrected,7,P15-T034,5,0.4543589743589742,0.5800000000000001,0.4752991452991452
P15|GA_corrected|seed=08,P15,GA_corrected,8,P15-T035,5,0.4456410256410256,0.6,0.4713675213675213
P15|GA_corrected|seed=09,P15,GA_corrected,9,P15-T036,5,0.4358974358974358,0.64,0.4699145299145299
P15|GA_corrected|seed=10,P15,GA_corrected,10,P15-T030,5,0.4512820512820512,0.5900000000000001,0.4744017094017094
P15|GA_corrected|seed=11,P15,GA_corrected,11,P15-T037,5,0.4533333333333333,0.5800000000000001,0.4744444444444444
P15|GA_corrected|seed=12,P15,GA_corrected,12,P15-T038,5,0.4446153846153845,0.62,0.4738461538461538
P15|GA_corrected|seed=13,P15,GA_corrected,13,P15-T039,5,0.4338461538461537,0.65,0.4698717948717947
P15|GA_corrected|seed=14,P15,GA_corrected,14,P15-T040,5,0.4502564102564102,0.5800000000000001,0.4718803418803419
P15|GA_corrected|seed=15,P15,GA_corrected,15,P15-T041,5,0.4497435897435896,0.5700000000000001,0.4697863247863247
P15|GA_corrected|seed=16,P15,GA_corrected,16,P15-T042,5,0.4584615384615385,0.55,0.4737179487179486
P15|GA_corrected|seed=17,P15,GA_corrected,17,P15-T043,5,0.4512820512820512,0.5900000000000001,0.4744017094017094
P15|GA_corrected|seed=18,P15,GA_corrected,18,P15-T044,5,0.4487179487179487,0.5700000000000001,0.4689316239316239
P15|GA_corrected|seed=19,P15,GA_corrected,19,P15-T045,5,0.4594871794871794,0.5700000000000001,0.4779059829059828
P15|GA_corrected|seed=20,P15,GA_corrected,20,P15-T046,5,0.4446153846153845,0.62,0.4738461538461538
P15|GA_corrected|seed=21,P15,GA_corrected,21,P15-T046,5,0.4446153846153845,0.62,0.4738461538461538
P15|GA_corrected|seed=22,P15,GA_corrected,22,P15-T047,5,0.4497435897435896,0.56,0.468119658119658
P15|GA_corrected|seed=23,P15,GA_corrected,23,P15-T043,5,0.4512820512820512,0.5900000000000001,0.4744017094017094
P15|GA_corrected|seed=24,P15,GA_corrected,24,P15-T048,5,0.4553846153846153,0.5700000000000001,0.4744871794871795
P15|GA_corrected|seed=25,P15,GA_corrected,25,P15-T049,5,0.4512820512820512,0.5800000000000001,0.4727350427350427
P15|GA_corrected|seed=26,P15,GA_corrected,26,P15-T038,5,0.4446153846153845,0.62,0.4738461538461538
P15|GA_corrected|seed=27,P15,GA_corrected,27,P15-T050,5,0.4517948717948717,0.56,0.4698290598290597
P15|GA_corrected|seed=28,P15,GA_corrected,28,P15-T051,5,0.4343589743589743,0.64,0.4686324786324786
P15|GA_corrected|seed=29,P15,GA_corrected,29,P15-T049,5,0.4512820512820512,0.5800000000000001,0.4727350427350427
P15|GA_corrected|seed=30,P15,GA_corrected,30,P15-T052,5,0.4497435897435896,0.5800000000000001,0.4714529914529914
P16|GA_corrected|seed=01,P16,GA_corrected,1,P16-T028,9,0.4511729405346426,0.625,0.4801441171122022
P16|GA_corrected|seed=02,P16,GA_corrected,2,P16-T029,9,0.4517184942716857,0.6083333333333334,0.4778209674486269
P16|GA_corrected|seed=03,P16,GA_corrected,3,P16-T030,9,0.4522640480087287,0.6194444444444445,0.4801274474146814
P16|GA_corrected|seed=04,P16,GA_corrected,4,P16-T031,9,0.4511729405346426,0.6277777777777778,0.4806070800751651
P16|GA_corrected|seed=05,P16,GA_corrected,5,P16-T032,9,0.4511729405346426,0.5972222222222222,0.4755144874825726
P16|GA_corrected|seed=06,P16,GA_corrected,6,P16-T033,9,0.4533551554828149,0.575,0.4736292962356791
P16|GA_corrected|seed=07,P16,GA_corrected,7,P16-T034,9,0.4533551554828149,0.5638888888888889,0.4717774443838272
P16|GA_corrected|seed=08,P16,GA_corrected,8,P16-T035,9,0.4460447354064375,0.6166666666666667,0.4744817239498091
P16|GA_corrected|seed=09,P16,GA_corrected,9,P16-T036,9,0.4476813966175668,0.6055555555555556,0.4739937564405649
P16|GA_corrected|seed=10,P16,GA_corrected,10,P16-T037,9,0.4522640480087287,0.5944444444444444,0.4759607807480148
P16|GA_corrected|seed=11,P16,GA_corrected,11,P16-T038,9,0.4511729405346426,0.6,0.4759774504455356
P16|GA_corrected|seed=12,P16,GA_corrected,12,P16-T039,9,0.4517184942716857,0.5972222222222222,0.4759691155967751
P16|GA_corrected|seed=13,P16,GA_corrected,13,P16-T040,9,0.4517184942716857,0.5888888888888888,0.4745802267078862
P16|GA_corrected|seed=14,P16,GA_corrected,14,P16-T041,9,0.4454991816693943,0.6194444444444445,0.4744900587985693
P16|GA_corrected|seed=15,P16,GA_corrected,15,P16-T031,9,0.4511729405346426,0.6277777777777778,0.4806070800751651
P16|GA_corrected|seed=16,P16,GA_corrected,16,P16-T042,9,0.4522640480087287,0.5944444444444444,0.4759607807480148
P16|GA_corrected|seed=17,P16,GA_corrected,17,P16-T043,9,0.4522640480087287,0.6194444444444445,0.4801274474146814
P16|GA_corrected|seed=18,P16,GA_corrected,18,P16-T044,9,0.4528096017457719,0.6027777777777777,0.4778042977511061
P16|GA_corrected|seed=19,P16,GA_corrected,19,P16-T045,9,0.4517184942716857,0.625,0.4805987452264047
P16|GA_corrected|seed=20,P16,GA_corrected,20,P16-T046,9,0.4522640480087287,0.6055555555555555,0.4778126325998666
P16|GA_corrected|seed=21,P16,GA_corrected,21,P16-T047,9,0.4533551554828149,0.6,0.4777959629023458
P16|GA_corrected|seed=22,P16,GA_corrected,22,P16-T048,9,0.4506273867975995,0.5972222222222222,0.47505985936837
P16|GA_corrected|seed=23,P16,GA_corrected,23,P16-T045,9,0.4517184942716857,0.625,0.4805987452264047
P16|GA_corrected|seed=24,P16,GA_corrected,24,P16-T045,9,0.4517184942716857,0.625,0.4805987452264047
P16|GA_corrected|seed=25,P16,GA_corrected,25,P16-T049,9,0.4511729405346426,0.6166666666666667,0.4787552282233133
P16|GA_corrected|seed=26,P16,GA_corrected,26,P16-T050,9,0.4539007092198581,0.6,0.4782505910165484
P16|GA_corrected|seed=27,P16,GA_corrected,27,P16-T051,9,0.4522640480087287,0.6,0.4768867066739407
P16|GA_corrected|seed=28,P16,GA_corrected,28,P16-T052,9,0.4528096017457719,0.5861111111111111,0.4750265199733284
P16|GA_corrected|seed=29,P16,GA_corrected,29,P16-T053,9,0.4522640480087287,0.6194444444444445,0.4801274474146814
P16|GA_corrected|seed=30,P16,GA_corrected,30,P16-T043,9,0.4522640480087287,0.6194444444444445,0.4801274474146814
